Date,Item,Quantity_Sold(In Kg),Price/Kg(INR),Is_Event,Is_Weekend,Weather
2025-08-03,Onion,30.0,35.0,No,Yes,Sunny
2025-08-03,Potato,34.0,28.0,No,Yes,Sunny
2025-08-03,Tomato,26.0,44.0,No,Yes,Sunny
2025-08-03,Cabbage,16.0,29.0,No,Yes,Sunny
2025-08-03,Cauliflower,14.0,34.0,No,Yes,Sunny
2025-08-03,,19.0,17.0,No,Yes,Sunny
2025-08-03,Brinjal,18.0,40.0,No,Yes,Sunny
2025-08-03,LadyFinger,16.0,34.0,No,Yes,Sunny
2025-08-03,Capsicum,13.0,56.0,No,Yes,Sunny
2025-08-03,GreenChilli,14.0,68.0,No,Yes,Sunny
2025-08-04,GreenChilli,4.0,71.0,No,No,Rain
2025-08-04,Capsicum,4.0,56.0,No,No,Rain
2025-08-04,LadyFinger,7.0,33.0,No,No,Rain
2025-08-04,Spinach,6.0,16.0,No,No,Rain
2025-08-04,Brinjal,6.0,41.0,No,No,Rain
2025-08-04,Cabbage,9.0,28.0,No,No,Rain
2025-08-04,Tomato,11.0,47.0,No,No,Rain
2025-08-04,Potato,7.0,28.0,No,No,Rain
2025-08-04,Onion,10.0,35.0,No,No,Rain
2025-08-04,Cauliflower,3.0,35.0,No,No,Rain
2025-08-05,GreenChilli,8.0,67.0,No,No,Cloudy
2025-08-05,Capsicum,10.0,56.0,No,No,Cloudy
2025-08-05,LadyFinger,17.0,33.0,No,No,Cloudy
2025-08-05,Brinjal,12.0,38.0,No,No,Cloudy
2025-08-05,Spinach,22.0,17.0,No,No,Cloudy
2025-08-05,Cauliflower,23.0,32.0,No,No,Cloudy
2025-08-05,Tomato,24.0,46.0,No,No,Cloudy
2025-08-05,Potato,30.0,28.0,No,No,Cloudy
2025-08-05,Onion,21.0,36.0,No,No,Cloudy
2025-08-05,Cabbage,11.0,,No,No,Cloudy
2025-08-06,Brinjal,15.0,40.0,No,No,
2025-08-06,GreenChilli,11.0,67.0,No,No,Sunny
2025-08-06,Capsicum,17.0,59.0,No,No,Sunny
2025-08-06,Spinach,25.0,,Maybe,No,Sunny
2025-08-06,LadyFinger,35.0,33.0,No,No,Sunny
2025-08-06,Cabbage,11.0,29.0,No,No,Sunny
2025-08-06,Onion,25.0,,No,No,Sunny
2025-08-06,Potato,27.0,28.0,No,No,Sunny
2025-08-06,Cauliflower,,35.0,No,No,Sunny
2025-08-06,Tomato,26.0,44.0,No,No,Sunny
2025-08-07,Onion,26.0,33.0,No,No,Sunny
2025-08-07,Potato,27.0,28.0,No,No,Sunny
2025-08-07,,20.0,45.0,No,No,Sunny
2025-08-07,Cabbage,17.0,30.0,No,No,Sunny
2025-08-07,Spinach,16.0,16.0,No,No,Sunny
2025-08-07,Brinjal,19.0,38.0,No,No,Storm
2025-08-07,LadyFinger,19.0,35.0,No,No,Sunny
2025-08-07,Capsicum,9.0,55.0,No,No,Sunny
2025-08-07,GreenChilli,12.0,65.0,No,No,Sunny
2025-08-07,Cauliflower,-5.0,33.0,No,No,Sunny
2025-08-08,Brinjal,23.0,40.0,No,No,Sunny
2025-08-08,GreenChilli,9.0,66.0,No,No,Sunny
2025-08-08,Capsicum,-5.0,57.0,No,No,Sunny
2025-08-08,LadyFinger,21.0,32.0,No,No,Sunny
2025-08-08,Cabbage,13.0,28.0,No,No,Sunny
2025-08-08,Cauliflower,9.0,34.0,No,No,Sunny
2025-08-08,Cabbage,13.0,28.0,No,No,Sunny
2025-08-08,Tomato,26.0,44.0,No,No,Sunny
2025-08-08,Potato,19.0,27.0,No,No,Sunny
2025-08-08,Onion,25.0,34.0,No,No,Sunny
2025-08-08,Spinach,13.0,17.0,No,No,Sunny
2025-08-09,GreenChilli,12.0,70.0,No,Yes,Sunny
2025-08-09,Capsicum,13.0,57.0,No,Yes,Sunny
2025-08-09,LadyFinger,22.0,32.0,No,Yes,Sunny
2025-08-09,Brinjal,15.0,38.0,No,Yes,Sunny
2025-08-09,Spinach,22.0,16.0,No,Yes,Sunny
2025-08-09,Cabbage,19.0,29.0,No,Yes,Sunny
2025-08-09,Tomato,6.0,44.0,No,Yes,Sunny
2025-08-09,Potato,26.0,28.0,No,Yes,Sunny
2025-08-09,Onion,26.0,34.0,No,Yes,Sunny
2025-08-09,Cauliflower,13.0,34.0,No,Yes,Sunny
2025-08-10,Brinjal,23.0,41.0,No,Yes,Sunny
2025-08-10,GreenChilli,11.0,71.0,No,Yes,Sunny
2025-08-10,Capsicum,21.0,58.0,No,Yes,Sunny
2025-08-10,Spinach,21.0,17.0,No,Yes,Sunny
2025-08-10,LadyFinger,20.0,35.0,No,Yes,Sunny
2025-08-10,Cabbage,13.0,28.0,No,Yes,Sunny
2025-08-10,Potato,33.0,27.0,No,Yes,Sunny
2025-08-10,Cauliflower,15.0,33.0,No,Yes,Sunny
2025-08-10,Onion,23.0,33.0,No,Yes,
2025-08-10,Tomato,3.0,46.0,No,Yes,Sunny
2025-08-11,Onion,21.0,35.0,No,No,Sunny
2025-08-11,Potato,34.0,27.0,No,No,Sunny
2025-08-11,Tomato,26.0,45.0,No,No,Sunny
2025-08-11,Cabbage,16.0,27.0,No,No,Sunny
2025-08-11,Cauliflower,31.0,,No,No,Sunny
2025-08-11,Spinach,22.0,18.0,No,No,Sunny
2025-08-11,Brinjal,19.0,40.0,No,No,Sunny
2025-08-11,LadyFinger,17.0,34.0,No,No,Sunny
2025-08-11,Capsicum,15.0,57.0,No,No,Sunny
2025-08-11,GreenChilli,8.0,66.0,No,No,Sunny
2025-08-12,GreenChilli,6.0,71.0,No,No,Rain
2025-08-12,Capsicum,5.0,59.0,No,No,
2025-08-12,LadyFinger,7.0,33.0,No,No,Rain
2025-08-12,Brinjal,3.0,41.0,No,No,Rain
2025-08-12,Spinach,10.0,16.0,No,No,Rain
2025-08-12,Cabbage,0.0,28.0,No,No,Rain
2025-08-12,Tomato,8.0,46.0,No,No,Rain
2025-08-12,Potato,9.0,27.0,No,No,Rain
2025-08-12,Onion,9.0,33.0,No,No,Rain
2025-08-12,Cauliflower,1.0,35.0,No,No,Rain
2025-08-13,GreenChilli,8.0,70.0,No,No,Sunny
2025-08-13,Capsicum,16.0,58.0,No,No,Sunny
2025-08-13,,18.0,34.0,No,No,Sunny
2025-08-13,Brinjal,20.0,39.0,No,No,Sunny
2025-08-13,Cauliflower,8.0,35.0,No,No,Sunny
2025-08-13,Cabbage,15.0,27.0,No,No,Sunny
2025-08-13,Tomato,20.0,44.0,No,No,Sunny
2025-08-13,Potato,-5.0,27.0,No,No,Sunny
2025-08-13,Onion,23.0,35.0,No,No,Sunny
2025-08-13,Spinach,18.0,17.0,No,No,Sunny
2025-08-14,,7.0,70.0,No,No,Sunny
2025-08-14,Capsicum,9.0,56.0,No,No,Sunny
2025-08-14,LadyFinger,14.0,34.0,No,No,Sunny
2025-08-14,Brinjal,17.0,39.0,No,No,Sunny
2025-08-14,Spinach,14.0,17.0,No,No,Sunny
2025-08-14,Cabbage,15.0,29.0,No,No,Sunny
2025-08-14,Onion,27.0,34.0,No,No,Sunny
2025-08-14,Cauliflower,14.0,35.0,No,No,Sunny
2025-08-14,Tomato,23.0,48.0,No,No,Sunny
2025-08-14,Potato,26.0,28.0,No,No,Sunny
2025-08-15,,24.0,35.0,No,No,Sunny
2025-08-15,Potato,29.0,27.0,No,No,Sunny
2025-08-15,Tomato,28.0,43.0,No,No,Sunny
2025-08-15,Cabbage,15.0,,No,No,Sunny
2025-08-15,Cauliflower,18.0,33.0,No,No,Sunny
2025-08-15,Brinjal,17.0,38.0,No,No,Sunny
2025-08-15,LadyFinger,19.0,33.0,No,No,Sunny
2025-08-15,Capsicum,10.0,59.0,No,No,Storm
2025-08-15,GreenChilli,14.0,72.0,No,No,Sunny
2025-08-15,Spinach,0.0,17.0,No,No,Sunny
2025-08-16,Brinjal,22.0,40.0,No,Yes,Sunny
2025-08-16,GreenChilli,11.0,66.0,No,Yes,Sunny
2025-08-16,Capsicum,,55.0,No,Yes,Sunny
2025-08-16,LadyFinger,,34.0,No,Yes,Sunny
2025-08-16,Spinach,22.0,16.0,No,Yes,Sunny
2025-08-16,Cabbage,18.0,28.0,No,Yes,Sunny
2025-08-16,Tomato,25.0,46.0,No,Yes,Sunny
2025-08-16,Potato,34.0,30.0,No,Yes,Sunny
2025-08-16,Onion,25.0,35.0,No,Yes,Sunny
2025-08-16,Cauliflower,20.0,34.0,No,Yes,Sunny
2025-08-17,GreenChilli,20.0,83.0,Yes,Yes,Rain
2025-08-17,,20.0,69.0,Yes,Yes,Rain
2025-08-17,LadyFinger,28.0,43.0,Yes,Yes,Rain
2025-08-17,Brinjal,26.0,49.0,Yes,Yes,Rain
2025-08-17,Spinach,31.0,20.0,Yes,Yes,Rain
2025-08-17,Cabbage,32.0,35.0,Yes,Yes,Rain
2025-08-17,Tomato,,58.0,Yes,Yes,Rain
2025-08-17,Potato,47.0,34.0,Yes,Yes,Storm
2025-08-17,Onion,42.0,44.0,Yes,Yes,Rain
2025-08-17,Cauliflower,28.0,42.0,Yes,Yes,Rain
2025-08-18,Brinjal,16.0,40.0,Maybe,No,Sunny
2025-08-18,GreenChilli,13.0,69.0,No,No,Sunny
2025-08-18,LadyFinger,17.0,35.0,No,No,
2025-08-18,Spinach,14.0,17.0,No,No,Sunny
2025-08-18,Capsicum,11.0,57.0,No,No,Sunny
2025-08-18,Cabbage,14.0,27.0,No,No,Sunny
2025-08-18,Potato,31.0,27.0,No,No,Storm
2025-08-18,Cauliflower,2.0,33.0,No,No,
2025-08-18,Tomato,24.0,43.0,No,No,Sunny
2025-08-18,Onion,33.0,32.0,No,No,Sunny
2025-08-19,Potato,18.0,27.0,No,No,Sunny
2025-08-19,Tomato,18.0,45.0,No,No,Sunny
2025-08-19,Cabbage,12.0,27.0,No,No,Sunny
2025-08-19,Cauliflower,11.0,35.0,No,No,Sunny
2025-08-19,Spinach,15.0,17.0,No,No,Sunny
2025-08-19,Brinjal,9.0,41.0,No,No,Sunny
2025-08-19,LadyFinger,15.0,36.0,No,No,Sunny
2025-08-19,Capsicum,16.0,54.0,No,No,Sunny
2025-08-19,GreenChilli,14.0,67.0,No,No,Sunny
2025-08-19,LadyFinger,15.0,36.0,No,No,Sunny
2025-08-19,Onion,25.0,33.0,No,No,Sunny
2025-08-20,GreenChilli,7.0,65.0,No,No,Cloudy
2025-08-20,Capsicum,4.0,60.0,No,No,Cloudy
2025-08-20,Spinach,14.0,16.0,No,No,Cloudy
2025-08-20,LadyFinger,17.0,33.0,No,No,Cloudy
2025-08-20,Brinjal,0.0,39.0,No,No,Cloudy
2025-08-20,Cabbage,14.0,28.0,No,No,Cloudy
2025-08-20,Tomato,21.0,46.0,No,No,Cloudy
2025-08-20,Potato,22.0,28.0,No,No,Cloudy
2025-08-20,Onion,29.0,,No,No,Cloudy
2025-08-20,Cauliflower,12.0,35.0,No,No,Cloudy
2025-08-21,GreenChilli,9.0,72.0,No,No,Sunny
2025-08-21,Capsicum,15.0,58.0,No,No,Sunny
2025-08-21,LadyFinger,16.0,33.0,No,No,Sunny
2025-08-21,Brinjal,3.0,38.0,No,No,Sunny
2025-08-21,Spinach,22.0,17.0,No,No,Sunny
2025-08-21,Cabbage,17.0,28.0,No,No,Sunny
2025-08-21,Tomato,24.0,45.0,No,No,Sunny
2025-08-21,Potato,30.0,,No,No,Sunny
2025-08-21,Onion,24.0,35.0,No,No,Sunny
2025-08-21,Cauliflower,7.0,35.0,No,No,Sunny
2025-08-22,GreenChilli,4.0,72.0,No,No,Cloudy
2025-08-22,Capsicum,6.0,58.0,No,No,Cloudy
2025-08-22,LadyFinger,21.0,33.0,No,No,Cloudy
2025-08-22,Brinjal,8.0,41.0,No,No,Cloudy
2025-08-22,,12.0,33.0,No,No,Cloudy
2025-08-22,Onion,23.0,33.0,No,No,Cloudy
2025-08-22,Potato,27.0,27.0,No,No,Cloudy
2025-08-22,Spinach,18.0,17.0,No,No,Cloudy
2025-08-22,Cabbage,23.0,30.0,No,No,Cloudy
2025-08-22,Tomato,28.0,43.0,No,No,Cloudy
2025-08-23,Onion,,44.0,Yes,Yes,Rain
2025-08-23,Potato,50.0,34.0,Yes,Yes,Rain
2025-08-23,Tomato,41.0,55.0,Yes,Yes,Rain
2025-08-23,Cabbage,5.0,34.0,Yes,Yes,Rain
2025-08-23,Cauliflower,22.0,44.0,Yes,Yes,Rain
2025-08-23,Spinach,31.0,21.0,Yes,Yes,Rain
2025-08-23,Brinjal,28.0,48.0,Yes,Yes,Rain
2025-08-23,LadyFinger,29.0,44.0,Yes,Yes,Rain
2025-08-23,Capsicum,24.0,71.0,Yes,Yes,Rain
2025-08-23,GreenChilli,23.0,82.0,Yes,Yes,Rain
2025-08-24,GreenChilli,7.0,70.0,No,Yes,Rain
2025-08-24,,3.0,58.0,No,Yes,Rain
2025-08-24,Brinjal,6.0,39.0,No,Yes,Rain
2025-08-24,LadyFinger,12.0,34.0,No,Yes,Rain
2025-08-24,Cauliflower,7.0,34.0,No,Yes,Rain
2025-08-24,Onion,12.0,32.0,No,Yes,Rain
2025-08-24,Potato,13.0,30.0,No,Yes,Rain
2025-08-24,,4.0,16.0,No,Yes,Rain
2025-08-24,Cabbage,7.0,27.0,No,Yes,Rain
2025-08-24,Tomato,5.0,44.0,No,Yes,Rain
2025-08-25,Onion,16.0,35.0,No,No,Rain
2025-08-25,Potato,10.0,29.0,No,No,Rain
2025-08-25,Tomato,6.0,46.0,No,No,Rain
2025-08-25,Cabbage,8.0,,No,No,Rain
2025-08-25,Cauliflower,0.0,34.0,No,No,Rain
2025-08-25,Brinjal,7.0,42.0,No,No,Rain
2025-08-25,LadyFinger,9.0,34.0,No,No,Rain
2025-08-25,Capsicum,8.0,58.0,No,No,Rain
2025-08-25,GreenChilli,10.0,65.0,No,No,Rain
2025-08-25,Spinach,7.0,16.0,No,No,Rain
2025-08-26,LadyFinger,14.0,33.0,No,No,
2025-08-26,GreenChilli,12.0,,No,No,Sunny
2025-08-26,Capsicum,11.0,56.0,No,No,Sunny
2025-08-26,Brinjal,19.0,39.0,No,No,Sunny
2025-08-26,Cauliflower,16.0,35.0,No,No,Sunny
2025-08-26,Onion,26.0,35.0,No,No,Sunny
2025-08-26,Potato,33.0,28.0,No,No,Sunny
2025-08-26,Spinach,24.0,18.0,No,No,Sunny
2025-08-26,Cabbage,12.0,28.0,No,No,Sunny
2025-08-26,Tomato,17.0,44.0,No,No,Sunny
2025-08-27,,28.0,35.0,No,No,Sunny
2025-08-27,Potato,26.0,28.0,No,No,Sunny
2025-08-27,Tomato,19.0,44.0,No,No,Sunny
2025-08-27,Cabbage,15.0,28.0,No,No,Sunny
2025-08-27,Cauliflower,11.0,33.0,No,No,Sunny
2025-08-27,Spinach,21.0,16.0,No,No,Sunny
2025-08-27,Brinjal,16.0,39.0,No,No,Sunny
2025-08-27,LadyFinger,19.0,,No,No,Sunny
2025-08-27,Capsicum,10.0,56.0,No,No,Sunny
2025-08-27,GreenChilli,12.0,65.0,No,No,Sunny
2025-08-28,GreenChilli,14.0,68.0,No,No,Cloudy
2025-08-28,Capsicum,10.0,,No,No,Cloudy
2025-08-28,Brinjal,13.0,39.0,No,No,Cloudy
2025-08-28,LadyFinger,14.0,33.0,No,No,Cloudy
2025-08-28,Cauliflower,17.0,33.0,No,No,Cloudy
2025-08-28,Onion,22.0,34.0,No,No,Cloudy
2025-08-28,Potato,25.0,29.0,No,No,Cloudy
2025-08-28,Spinach,3.0,17.0,No,No,Cloudy
2025-08-28,Cabbage,14.0,29.0,No,No,Cloudy
2025-08-28,,18.0,44.0,No,No,Cloudy
2025-08-29,Onion,26.0,34.0,No,No,
2025-08-29,Potato,26.0,29.0,No,No,Sunny
2025-08-29,Tomato,22.0,46.0,No,No,
2025-08-29,Cabbage,15.0,28.0,No,No,Sunny
2025-08-29,Cauliflower,17.0,34.0,No,No,Sunny
2025-08-29,Brinjal,14.0,39.0,No,No,Sunny
2025-08-29,LadyFinger,14.0,34.0,No,No,Sunny
2025-08-29,Capsicum,,58.0,No,No,Sunny
2025-08-29,GreenChilli,12.0,71.0,No,No,Sunny
2025-08-29,,19.0,16.0,No,No,Sunny
2025-08-30,LadyFinger,17.0,35.0,No,Yes,
2025-08-30,GreenChilli,12.0,66.0,No,Yes,Cloudy
2025-08-30,,17.0,59.0,No,Yes,Cloudy
2025-08-30,Brinjal,17.0,41.0,No,Yes,Cloudy
2025-08-30,Cauliflower,16.0,32.0,No,Yes,Cloudy
2025-08-30,Onion,28.0,32.0,No,Yes,Cloudy
2025-08-30,Potato,31.0,27.0,No,Yes,Cloudy
2025-08-30,Spinach,16.0,17.0,No,Yes,Cloudy
2025-08-30,Cabbage,15.0,27.0,No,Yes,Cloudy
2025-08-30,Tomato,,46.0,No,Yes,Cloudy
2025-08-31,Onion,26.0,34.0,No,Yes,Sunny
2025-08-31,,34.0,27.0,No,Yes,Sunny
2025-08-31,Tomato,50.0,44.0,No,Yes,Sunny
2025-08-31,Cabbage,18.0,29.0,No,Yes,Sunny
2025-08-31,Cauliflower,12.0,35.0,No,Yes,Sunny
2025-08-31,Brinjal,,39.0,No,Yes,Sunny
2025-08-31,LadyFinger,,,No,Yes,Sunny
2025-08-31,Capsicum,15.0,57.0,No,Yes,Sunny
2025-08-31,GreenChilli,13.0,67.0,No,Yes,Sunny
2025-08-31,Spinach,20.0,16.0,No,Yes,Sunny
2025-09-01,LadyFinger,18.0,,No,No,Cloudy
2025-09-01,GreenChilli,9.0,70.0,No,No,Cloudy
2025-09-01,Capsicum,11.0,59.0,No,No,Cloudy
2025-09-01,Brinjal,17.0,41.0,No,No,Cloudy
2025-09-01,Cauliflower,12.0,33.0,No,No,Cloudy
2025-09-01,Cabbage,16.0,29.0,No,No,Cloudy
2025-09-01,Tomato,20.0,47.0,No,No,Cloudy
2025-09-01,Potato,36.0,27.0,No,No,Cloudy
2025-09-01,Onion,27.0,33.0,No,No,Cloudy
2025-09-01,Spinach,26.0,17.0,No,No,Cloudy
2025-09-02,Potato,28.0,27.0,No,No,Sunny
2025-09-02,Cauliflower,17.0,33.0,No,No,Sunny
2025-09-02,GreenChilli,13.0,71.0,No,No,Sunny
2025-09-02,Capsicum,8.0,58.0,No,No,Sunny
2025-09-02,LadyFinger,19.0,35.0,No,No,Sunny
2025-09-02,Brinjal,14.0,42.0,No,No,Sunny
2025-09-02,Cauliflower,17.0,33.0,No,No,Sunny
2025-09-02,Cabbage,15.0,29.0,No,No,Sunny
2025-09-02,Tomato,24.0,43.0,No,No,
2025-09-02,Potato,28.0,27.0,No,No,Sunny
2025-09-02,Onion,,33.0,No,No,Sunny
2025-09-02,Spinach,17.0,17.0,No,No,Sunny
2025-09-03,GreenChilli,3.0,67.0,No,No,Rain
2025-09-03,GreenChilli,3.0,67.0,No,No,Rain
2025-09-03,Capsicum,,56.0,No,No,Rain
2025-09-03,Potato,13.0,29.0,No,No,Rain
2025-09-03,Brinjal,4.0,41.0,No,No,Rain
2025-09-03,Cauliflower,4.0,35.0,No,No,Rain
2025-09-03,Cabbage,8.0,28.0,No,No,Rain
2025-09-03,Tomato,3.0,45.0,No,No,Rain
2025-09-03,LadyFinger,5.0,34.0,No,No,Rain
2025-09-03,Onion,11.0,33.0,No,No,Rain
2025-09-03,Spinach,9.0,17.0,No,No,Rain
2025-09-04,Cauliflower,14.0,35.0,No,No,Cloudy
2025-09-04,Spinach,14.0,16.0,No,No,Cloudy
2025-09-04,Brinjal,14.0,38.0,No,No,Cloudy
2025-09-04,LadyFinger,17.0,33.0,No,No,Cloudy
2025-09-04,Capsicum,,57.0,No,No,Cloudy
2025-09-04,GreenChilli,,68.0,No,No,Cloudy
2025-09-04,Onion,26.0,33.0,No,No,Cloudy
2025-09-04,Potato,31.0,29.0,No,No,Cloudy
2025-09-04,Tomato,21.0,44.0,No,No,Cloudy
2025-09-04,Cabbage,-5.0,30.0,No,No,Cloudy
2025-09-05,GreenChilli,18.0,,No,No,Sunny
2025-09-05,,10.0,56.0,No,No,Sunny
2025-09-05,LadyFinger,,32.0,No,No,Sunny
2025-09-05,Brinjal,15.0,39.0,No,No,Sunny
2025-09-05,Spinach,21.0,17.0,No,No,Sunny
2025-09-05,Cauliflower,17.0,32.0,No,No,Sunny
2025-09-05,Onion,18.0,35.0,No,No,Sunny
2025-09-05,Potato,34.0,28.0,No,No,Sunny
2025-09-05,Tomato,20.0,47.0,No,No,Sunny
2025-09-05,Cabbage,16.0,28.0,No,No,Sunny
2025-09-06,GreenChilli,9.0,67.0,No,Yes,Sunny
2025-09-06,Capsicum,16.0,58.0,No,Yes,Sunny
2025-09-06,LadyFinger,23.0,33.0,No,Yes,Sunny
2025-09-06,Brinjal,21.0,38.0,No,Yes,Sunny
2025-09-06,Spinach,25.0,16.0,No,Yes,Sunny
2025-09-06,Cauliflower,12.0,33.0,No,Yes,
2025-09-06,Cabbage,18.0,29.0,No,Yes,Sunny
2025-09-06,Tomato,26.0,47.0,No,Yes,Sunny
2025-09-06,Potato,31.0,29.0,No,Yes,Sunny
2025-09-06,Onion,22.0,34.0,No,Yes,
2025-09-07,Brinjal,32.0,39.0,No,Yes,Sunny
2025-09-07,GreenChilli,10.0,67.0,No,Yes,Sunny
2025-09-07,,17.0,59.0,No,Yes,Sunny
2025-09-07,LadyFinger,21.0,,No,Yes,Sunny
2025-09-07,Spinach,22.0,17.0,No,Yes,Sunny
2025-09-07,Cauliflower,16.0,32.0,No,Yes,Sunny
2025-09-07,Cabbage,18.0,29.0,No,Yes,Sunny
2025-09-07,Tomato,26.0,47.0,No,Yes,Sunny
2025-09-07,Potato,30.0,29.0,No,Yes,Sunny
2025-09-07,Onion,32.0,33.0,No,Yes,Sunny
2025-09-07,Brinjal,32.0,39.0,No,Yes,Sunny
2025-09-08,Brinjal,35.0,41.0,No,No,Sunny
2025-09-08,LadyFinger,23.0,35.0,No,No,Sunny
2025-09-08,GreenChilli,7.0,71.0,No,No,Sunny
2025-09-08,Cauliflower,11.0,34.0,No,No,
2025-09-08,GreenChilli,7.0,71.0,No,No,Sunny
2025-09-08,Cabbage,12.0,27.0,No,No,Sunny
2025-09-08,Tomato,27.0,43.0,No,No,Sunny
2025-09-08,Potato,28.0,27.0,No,No,Sunny
2025-09-08,Onion,25.0,35.0,No,No,Sunny
2025-09-08,Spinach,13.0,18.0,No,No,Sunny
2025-09-08,Capsicum,16.0,56.0,No,No,Sunny
2025-09-09,GreenChilli,11.0,71.0,No,No,Rain
2025-09-09,Capsicum,5.0,60.0,No,No,Rain
2025-09-09,Brinjal,5.0,41.0,No,No,Rain
2025-09-09,Onion,6.0,35.0,No,No,Rain
2025-09-09,Potato,9.0,27.0,No,No,Rain
2025-09-09,Tomato,13.0,47.0,No,No,Rain
2025-09-09,Cabbage,5.0,27.0,No,No,Rain
2025-09-09,Cauliflower,0.0,34.0,No,No,Rain
2025-09-09,Spinach,,16.0,No,No,Rain
2025-09-09,LadyFinger,7.0,35.0,No,No,Rain
2025-09-10,GreenChilli,7.0,71.0,No,No,Rain
2025-09-10,,7.0,55.0,No,No,Rain
2025-09-10,Brinjal,4.0,41.0,No,No,Rain
2025-09-10,Spinach,8.0,17.0,No,No,Rain
2025-09-10,Cauliflower,3.0,34.0,No,No,Rain
2025-09-10,Cabbage,5.0,29.0,No,No,Rain
2025-09-10,Tomato,12.0,44.0,No,No,Rain
2025-09-10,Potato,7.0,29.0,No,No,Rain
2025-09-10,Onion,15.0,35.0,No,No,Rain
2025-09-10,LadyFinger,5.0,36.0,No,No,Rain
2025-09-11,GreenChilli,12.0,71.0,No,No,Sunny
2025-09-11,Cabbage,8.0,29.0,No,No,Sunny
2025-09-11,LadyFinger,21.0,35.0,No,No,Sunny
2025-09-11,Onion,28.0,35.0,No,No,Sunny
2025-09-11,Potato,28.0,28.0,No,No,Sunny
2025-09-11,Capsicum,18.0,59.0,No,No,Sunny
2025-09-11,Tomato,,46.0,No,No,
2025-09-11,Cauliflower,11.0,34.0,No,No,Sunny
2025-09-11,Spinach,26.0,17.0,No,No,Sunny
2025-09-11,Brinjal,18.0,41.0,No,No,Sunny
2025-09-12,LadyFinger,14.0,34.0,No,No,Sunny
2025-09-12,GreenChilli,12.0,66.0,No,No,Sunny
2025-09-12,Spinach,27.0,17.0,No,No,Sunny
2025-09-12,Cauliflower,16.0,35.0,No,No,Sunny
2025-09-12,,16.0,28.0,No,No,Sunny
2025-09-12,Tomato,23.0,45.0,No,No,Sunny
2025-09-12,Potato,34.0,,No,No,Sunny
2025-09-12,Onion,26.0,,No,No,Sunny
2025-09-12,Brinjal,16.0,41.0,No,No,Sunny
2025-09-12,Capsicum,5.0,56.0,No,No,Sunny
2025-09-13,GreenChilli,14.0,68.0,No,Yes,Sunny
2025-09-13,Capsicum,11.0,57.0,No,Yes,Sunny
2025-09-13,Brinjal,16.0,41.0,No,Yes,Sunny
2025-09-13,Onion,30.0,33.0,No,Yes,Sunny
2025-09-13,Potato,-5.0,29.0,No,Yes,Sunny
2025-09-13,Tomato,20.0,45.0,No,Yes,Sunny
2025-09-13,Cabbage,35.0,28.0,No,Yes,Sunny
2025-09-13,Cauliflower,14.0,33.0,No,Yes,Sunny
2025-09-13,Spinach,25.0,16.0,No,Yes,Sunny
2025-09-13,LadyFinger,19.0,34.0,No,Yes,Sunny
2025-09-14,GreenChilli,9.0,70.0,No,Yes,Sunny
2025-09-14,Capsicum,14.0,59.0,No,Yes,Sunny
2025-09-14,Brinjal,44.0,38.0,No,Yes,Sunny
2025-09-14,Spinach,22.0,17.0,No,Yes,Sunny
2025-09-14,Cauliflower,26.0,32.0,No,Yes,Sunny
2025-09-14,Cabbage,16.0,27.0,No,Yes,
2025-09-14,Tomato,25.0,46.0,No,Yes,Sunny
2025-09-14,Potato,33.0,28.0,No,Yes,Sunny
2025-09-14,Onion,28.0,,No,Yes,Sunny
2025-09-14,LadyFinger,14.0,33.0,No,Yes,Sunny
2025-09-15,,23.0,34.0,No,No,Sunny
2025-09-15,GreenChilli,-5.0,65.0,No,No,Sunny
2025-09-15,Cabbage,26.0,28.0,No,No,Sunny
2025-09-15,Brinjal,12.0,41.0,No,No,Sunny
2025-09-15,Spinach,21.0,18.0,No,No,Sunny
2025-09-15,Capsicum,14.0,54.0,No,No,Sunny
2025-09-15,Cauliflower,30.0,35.0,No,No,Sunny
2025-09-15,Tomato,21.0,46.0,No,No,Sunny
2025-09-15,Potato,29.0,29.0,No,No,Sunny
2025-09-15,,23.0,34.0,No,No,Sunny
2025-09-15,LadyFinger,21.0,34.0,No,No,Sunny
2025-09-16,Onion,21.0,34.0,Maybe,No,
2025-09-16,GreenChilli,12.0,70.0,No,No,Sunny
2025-09-16,LadyFinger,20.0,34.0,No,No,Sunny
2025-09-16,Brinjal,10.0,38.0,No,No,Sunny
2025-09-16,Spinach,19.0,17.0,No,No,Sunny
2025-09-16,Cauliflower,12.0,34.0,No,No,Sunny
2025-09-16,Cabbage,17.0,27.0,No,No,Sunny
2025-09-16,Tomato,19.0,45.0,No,No,Sunny
2025-09-16,Potato,35.0,29.0,No,No,Sunny
2025-09-16,Capsicum,19.0,59.0,No,No,Sunny
2025-09-17,GreenChilli,13.0,67.0,No,No,Storm
2025-09-17,Cauliflower,20.0,35.0,No,No,Sunny
2025-09-17,LadyFinger,18.0,34.0,No,No,Storm
2025-09-17,Brinjal,18.0,39.0,No,No,Sunny
2025-09-17,,19.0,17.0,No,No,Sunny
2025-09-17,Cabbage,10.0,27.0,No,No,Sunny
2025-09-17,Tomato,19.0,45.0,No,No,Sunny
2025-09-17,Potato,33.0,27.0,No,No,Sunny
2025-09-17,Onion,23.0,34.0,No,No,Sunny
2025-09-17,Capsicum,13.0,57.0,No,No,Sunny
2025-09-18,GreenChilli,1.0,70.0,No,No,Sunny
2025-09-18,Cabbage,12.0,28.0,No,No,Sunny
2025-09-18,LadyFinger,13.0,35.0,No,No,Sunny
2025-09-18,Onion,20.0,34.0,No,No,Sunny
2025-09-18,Potato,29.0,29.0,No,No,Sunny
2025-09-18,Tomato,26.0,44.0,No,No,Sunny
2025-09-18,Cabbage,12.0,28.0,No,No,Sunny
2025-09-18,Cauliflower,16.0,35.0,No,No,
2025-09-18,Spinach,22.0,16.0,No,No,Sunny
2025-09-18,Brinjal,17.0,,No,No,Sunny
2025-09-18,Capsicum,14.0,59.0,No,No,Sunny
2025-09-19,Onion,22.0,33.0,No,No,Sunny
2025-09-19,GreenChilli,7.0,68.0,No,No,Sunny
2025-09-19,Capsicum,11.0,58.0,No,No,Sunny
2025-09-19,Brinjal,,41.0,No,No,Sunny
2025-09-19,Spinach,17.0,17.0,No,No,Sunny
2025-09-19,Cauliflower,18.0,32.0,No,No,Sunny
2025-09-19,Cabbage,17.0,28.0,No,No,Sunny
2025-09-19,Tomato,24.0,46.0,No,No,Sunny
2025-09-19,Potato,30.0,27.0,No,No,Sunny
2025-09-19,LadyFinger,19.0,33.0,No,No,Sunny
2025-09-20,Onion,22.0,33.0,No,Yes,Sunny
2025-09-20,GreenChilli,12.0,67.0,No,Yes,Sunny
2025-09-20,Brinjal,18.0,41.0,No,Yes,Sunny
2025-09-20,Spinach,22.0,,No,Yes,Sunny
2025-09-20,Capsicum,14.0,58.0,No,Yes,Sunny
2025-09-20,Cauliflower,19.0,34.0,No,Yes,Sunny
2025-09-20,Cabbage,19.0,29.0,No,Yes,Sunny
2025-09-20,Tomato,23.0,47.0,No,Yes,Sunny
2025-09-20,Potato,29.0,27.0,No,Yes,Sunny
2025-09-20,LadyFinger,23.0,33.0,No,Yes,Sunny
2025-09-21,Onion,31.0,32.0,No,Yes,Cloudy
2025-09-21,Potato,33.0,27.0,No,Yes,Cloudy
2025-09-21,Tomato,20.0,45.0,No,Yes,Cloudy
2025-09-21,Cabbage,20.0,27.0,No,Yes,Cloudy
2025-09-21,Capsicum,12.0,56.0,No,Yes,Cloudy
2025-09-21,Cauliflower,10.0,33.0,No,Yes,Cloudy
2025-09-21,Spinach,13.0,17.0,No,Yes,Cloudy
2025-09-21,Brinjal,21.0,41.0,No,Yes,Cloudy
2025-09-21,LadyFinger,19.0,33.0,No,Yes,Cloudy
2025-09-21,GreenChilli,,72.0,No,Yes,Cloudy
2025-09-22,Onion,20.0,35.0,No,No,Sunny
2025-09-22,GreenChilli,6.0,72.0,No,No,Sunny
2025-09-22,LadyFinger,22.0,34.0,No,No,Sunny
2025-09-22,Brinjal,13.0,39.0,No,No,Sunny
2025-09-22,Spinach,15.0,17.0,No,No,Sunny
2025-09-22,Cabbage,15.0,28.0,No,No,Sunny
2025-09-22,Tomato,24.0,47.0,No,No,Sunny
2025-09-22,Potato,22.0,28.0,No,No,Sunny
2025-09-22,Capsicum,11.0,59.0,No,No,Sunny
2025-09-22,Cauliflower,19.0,33.0,No,No,Sunny
2025-09-23,GreenChilli,18.0,87.0,Yes,No,Cloudy
2025-09-23,Cauliflower,21.0,42.0,Yes,No,Cloudy
2025-09-23,Onion,36.0,43.0,Yes,No,Cloudy
2025-09-23,Potato,48.0,35.0,Yes,No,Cloudy
2025-09-23,Tomato,34.0,59.0,Yes,No,Cloudy
2025-09-23,Cabbage,29.0,35.0,Yes,No,Cloudy
2025-09-23,Spinach,33.0,20.0,Yes,No,Cloudy
2025-09-23,Brinjal,25.0,50.0,Yes,No,Cloudy
2025-09-23,LadyFinger,29.0,43.0,Yes,No,Cloudy
2025-09-23,Capsicum,22.0,69.0,Yes,No,Cloudy
2025-09-24,Onion,28.0,35.0,No,No,Sunny
2025-09-24,Potato,27.0,28.0,No,No,Sunny
2025-09-24,Tomato,29.0,43.0,No,No,Sunny
2025-09-24,Cabbage,17.0,27.0,No,No,Sunny
2025-09-24,Capsicum,15.0,,No,No,Sunny
2025-09-24,Cauliflower,16.0,34.0,Maybe,No,Sunny
2025-09-24,Spinach,37.0,16.0,No,No,Sunny
2025-09-24,Brinjal,16.0,39.0,No,No,Sunny
2025-09-24,LadyFinger,22.0,35.0,No,No,Sunny
2025-09-24,GreenChilli,6.0,66.0,No,No,Sunny
2025-09-25,Onion,25.0,33.0,No,No,Sunny
2025-09-25,GreenChilli,11.0,69.0,No,No,Sunny
2025-09-25,LadyFinger,24.0,32.0,No,No,Sunny
2025-09-25,Brinjal,15.0,41.0,No,No,Sunny
2025-09-25,Spinach,21.0,18.0,No,No,Sunny
2025-09-25,Cabbage,26.0,29.0,No,No,Sunny
2025-09-25,Tomato,21.0,45.0,No,No,Sunny
2025-09-25,Potato,,30.0,No,No,Sunny
2025-09-25,Capsicum,5.0,56.0,No,No,Sunny
2025-09-25,Cauliflower,13.0,33.0,No,No,Sunny
2025-09-26,Brinjal,16.0,39.0,No,No,
2025-09-26,Capsicum,17.0,55.0,No,No,Sunny
2025-09-26,Onion,23.0,33.0,No,No,Sunny
2025-09-26,Potato,19.0,29.0,No,No,
2025-09-26,Tomato,28.0,44.0,No,No,Sunny
2025-09-26,Cabbage,12.0,27.0,No,No,Sunny
2025-09-26,Cauliflower,11.0,34.0,No,No,Sunny
2025-09-26,Spinach,15.0,,No,No,Sunny
2025-09-26,LadyFinger,17.0,34.0,No,No,Sunny
2025-09-26,GreenChilli,14.0,71.0,No,No,Sunny
2025-09-27,Onion,22.0,34.0,No,Yes,Cloudy
2025-09-27,Potato,32.0,29.0,No,Yes,Cloudy
2025-09-27,Capsicum,19.0,54.0,No,Yes,Cloudy
2025-09-27,LadyFinger,22.0,35.0,No,Yes,Cloudy
2025-09-27,GreenChilli,9.0,66.0,No,Yes,Cloudy
2025-09-27,Brinjal,18.0,,No,Yes,Cloudy
2025-09-27,Spinach,18.0,17.0,No,Yes,Cloudy
2025-09-27,Cauliflower,12.0,35.0,No,Yes,Cloudy
2025-09-27,Cabbage,14.0,28.0,Maybe,Yes,Cloudy
2025-09-27,Tomato,22.0,45.0,No,Yes,Cloudy
2025-09-28,Potato,31.0,27.0,No,Yes,Sunny
2025-09-28,Onion,27.0,34.0,No,Yes,Sunny
2025-09-28,GreenChilli,11.0,70.0,No,Yes,Sunny
2025-09-28,Tomato,30.0,47.0,No,Yes,Sunny
2025-09-28,Cabbage,17.0,28.0,No,Yes,Sunny
2025-09-28,Cauliflower,15.0,34.0,No,Yes,Sunny
2025-09-28,Spinach,25.0,17.0,No,Yes,Sunny
2025-09-28,Brinjal,17.0,40.0,No,Yes,Sunny
2025-09-28,LadyFinger,25.0,36.0,Maybe,Yes,Sunny
2025-09-28,Capsicum,33.0,56.0,No,Yes,Sunny
2025-09-29,Capsicum,17.0,55.0,No,No,Cloudy
2025-09-29,Potato,,27.0,No,No,Cloudy
2025-09-29,GreenChilli,10.0,72.0,No,No,Cloudy
2025-09-29,Capsicum,17.0,55.0,No,No,Cloudy
2025-09-29,LadyFinger,20.0,34.0,No,No,Cloudy
2025-09-29,Brinjal,17.0,40.0,No,No,Cloudy
2025-09-29,Cauliflower,30.0,32.0,No,No,Cloudy
2025-09-29,Cabbage,16.0,27.0,No,No,
2025-09-29,Tomato,20.0,47.0,No,No,Cloudy
2025-09-29,Onion,20.0,36.0,No,No,Cloudy
2025-09-29,Spinach,21.0,17.0,No,No,Cloudy
2025-09-30,Potato,26.0,29.0,No,No,Sunny
2025-09-30,Brinjal,20.0,40.0,No,No,Sunny
2025-09-30,,28.0,32.0,No,No,Sunny
2025-09-30,Potato,26.0,29.0,No,No,Sunny
2025-09-30,Tomato,20.0,43.0,No,No,Sunny
2025-09-30,Cabbage,16.0,27.0,No,No,Sunny
2025-09-30,Cauliflower,11.0,34.0,No,No,Sunny
2025-09-30,Spinach,36.0,17.0,No,No,Sunny
2025-09-30,LadyFinger,20.0,33.0,No,No,Sunny
2025-09-30,Capsicum,17.0,54.0,No,No,Sunny
2025-09-30,GreenChilli,10.0,68.0,No,No,Sunny
2025-10-01,Tomato,25.0,47.0,No,No,Sunny
2025-10-01,Onion,25.0,34.0,No,No,Sunny
2025-10-01,Potato,25.0,28.0,No,No,Sunny
2025-10-01,Capsicum,16.0,58.0,No,No,Sunny
2025-10-01,Cabbage,31.0,29.0,No,No,Sunny
2025-10-01,Cauliflower,17.0,34.0,No,No,Sunny
2025-10-01,Spinach,20.0,16.0,No,No,Sunny
2025-10-01,Brinjal,18.0,40.0,No,No,Sunny
2025-10-01,,18.0,35.0,No,No,Sunny
2025-10-01,GreenChilli,11.0,68.0,Maybe,No,Sunny
2025-10-02,Tomato,40.0,55.0,Yes,No,Sunny
2025-10-02,Spinach,31.0,22.0,Yes,No,Sunny
2025-10-02,Cauliflower,22.0,42.0,Yes,No,Sunny
2025-10-02,Onion,42.0,43.0,Yes,No,Sunny
2025-10-02,Potato,49.0,34.0,Yes,No,Sunny
2025-10-02,GreenChilli,,87.0,Yes,No,Sunny
2025-10-02,Capsicum,22.0,72.0,Yes,No,Sunny
2025-10-02,Tomato,40.0,55.0,Yes,No,Sunny
2025-10-02,Brinjal,30.0,50.0,Yes,No,Sunny
2025-10-02,Spinach,31.0,22.0,Yes,No,Sunny
2025-10-02,Cabbage,30.0,36.0,Yes,No,Sunny
2025-10-02,LadyFinger,34.0,43.0,Yes,No,Sunny
2025-10-03,Potato,26.0,27.0,No,No,Cloudy
2025-10-03,GreenChilli,7.0,66.0,No,No,Cloudy
2025-10-03,Capsicum,16.0,59.0,No,No,
2025-10-03,LadyFinger,17.0,34.0,No,No,Cloudy
2025-10-03,Brinjal,16.0,41.0,No,No,Cloudy
2025-10-03,Spinach,20.0,17.0,No,No,Cloudy
2025-10-03,Cauliflower,11.0,33.0,No,No,Cloudy
2025-10-03,Cabbage,14.0,28.0,No,No,Cloudy
2025-10-03,Tomato,24.0,43.0,No,No,Cloudy
2025-10-03,Onion,25.0,33.0,No,No,Cloudy
2025-10-04,Cauliflower,17.0,33.0,No,Yes,Cloudy
2025-10-04,Potato,28.0,27.0,No,Yes,Cloudy
2025-10-04,Onion,25.0,33.0,No,Yes,Cloudy
2025-10-04,LadyFinger,17.0,34.0,No,Yes,Cloudy
2025-10-04,Tomato,26.0,46.0,No,Yes,Cloudy
2025-10-04,Cabbage,20.0,29.0,No,Yes,Cloudy
2025-10-04,GreenChilli,8.0,69.0,No,Yes,Cloudy
2025-10-04,Capsicum,14.0,58.0,No,Yes,Cloudy
2025-10-04,LadyFinger,17.0,34.0,No,Yes,Cloudy
2025-10-04,Brinjal,16.0,39.0,No,Yes,Cloudy
2025-10-04,Spinach,20.0,17.0,No,Yes,Cloudy
2025-10-05,GreenChilli,13.0,68.0,No,Yes,Sunny
2025-10-05,Capsicum,17.0,57.0,No,Yes,Sunny
2025-10-05,Cauliflower,16.0,33.0,No,Yes,Sunny
2025-10-05,Cabbage,14.0,27.0,No,Yes,Sunny
2025-10-05,,23.0,44.0,No,Yes,Sunny
2025-10-05,Potato,34.0,29.0,No,Yes,Sunny
2025-10-05,Onion,26.0,35.0,No,Yes,Sunny
2025-10-05,LadyFinger,25.0,35.0,No,Yes,Sunny
2025-10-05,Onion,26.0,35.0,No,Yes,Sunny
2025-10-05,Spinach,24.0,16.0,No,Yes,Sunny
2025-10-05,Brinjal,19.0,42.0,No,Yes,Sunny
2025-10-06,GreenChilli,13.0,70.0,No,No,Sunny
2025-10-06,Capsicum,9.0,56.0,No,No,Sunny
2025-10-06,LadyFinger,16.0,33.0,No,No,Sunny
2025-10-06,Brinjal,17.0,38.0,No,No,
2025-10-06,Spinach,,17.0,No,No,Sunny
2025-10-06,Cauliflower,15.0,34.0,No,No,Sunny
2025-10-06,Cabbage,13.0,29.0,No,No,Sunny
2025-10-06,Tomato,27.0,45.0,No,No,Sunny
2025-10-06,Potato,26.0,,No,No,Sunny
2025-10-06,Onion,24.0,35.0,No,No,Sunny
2025-10-07,Spinach,,17.0,No,No,Cloudy
2025-10-07,Onion,24.0,32.0,No,No,Cloudy
2025-10-07,Cauliflower,9.0,35.0,No,No,Cloudy
2025-10-07,GreenChilli,8.0,71.0,No,No,Cloudy
2025-10-07,Cabbage,8.0,28.0,No,No,Cloudy
2025-10-07,Potato,27.0,29.0,No,No,Cloudy
2025-10-07,Tomato,17.0,,No,No,Cloudy
2025-10-07,Capsicum,10.0,58.0,No,No,Cloudy
2025-10-07,Brinjal,13.0,38.0,No,No,Cloudy
2025-10-07,LadyFinger,19.0,,No,No,Cloudy
2025-10-07,GreenChilli,8.0,71.0,No,No,Cloudy
2025-10-08,Brinjal,20.0,38.0,No,No,
2025-10-08,LadyFinger,13.0,35.0,No,No,Sunny
2025-10-08,Capsicum,18.0,55.0,No,No,Storm
2025-10-08,GreenChilli,11.0,68.0,No,No,Sunny
2025-10-08,Cabbage,12.0,28.0,No,No,Sunny
2025-10-08,Tomato,23.0,47.0,No,No,Sunny
2025-10-08,Potato,29.0,30.0,No,No,Sunny
2025-10-08,Onion,25.0,33.0,No,No,Sunny
2025-10-08,Cauliflower,10.0,34.0,No,No,Sunny
2025-10-08,Spinach,14.0,17.0,No,No,Sunny
2025-10-09,Onion,26.0,34.0,No,No,Sunny
2025-10-09,GreenChilli,9.0,70.0,No,No,Sunny
2025-10-09,Capsicum,12.0,57.0,No,No,Sunny
2025-10-09,Potato,27.0,27.0,No,No,Sunny
2025-10-09,LadyFinger,17.0,34.0,No,No,Sunny
2025-10-09,Brinjal,18.0,40.0,No,No,Sunny
2025-10-09,Spinach,19.0,16.0,No,No,Sunny
2025-10-09,Cauliflower,10.0,33.0,No,No,
2025-10-09,Cabbage,13.0,28.0,No,No,Sunny
2025-10-09,Tomato,22.0,46.0,No,No,Sunny
2025-10-10,Capsicum,13.0,57.0,No,No,Sunny
2025-10-10,LadyFinger,21.0,35.0,No,No,
2025-10-10,Brinjal,13.0,40.0,No,No,Sunny
2025-10-10,Spinach,17.0,17.0,No,No,Sunny
2025-10-10,Cauliflower,14.0,34.0,No,No,Sunny
2025-10-10,Cabbage,15.0,28.0,No,No,Sunny
2025-10-10,Tomato,17.0,47.0,No,No,Sunny
2025-10-10,Potato,26.0,27.0,No,No,Sunny
2025-10-10,,8.0,69.0,No,No,Sunny
2025-10-10,Onion,27.0,35.0,No,No,Sunny
2025-10-11,Tomato,28.0,44.0,No,Yes,Sunny
2025-10-11,Onion,26.0,34.0,No,Yes,Sunny
2025-10-11,Potato,27.0,29.0,No,Yes,Sunny
2025-10-11,Cabbage,16.0,30.0,No,Yes,Sunny
2025-10-11,Cauliflower,24.0,34.0,No,Yes,Sunny
2025-10-11,Spinach,,17.0,No,Yes,Sunny
2025-10-11,Brinjal,18.0,41.0,No,Yes,Sunny
2025-10-11,LadyFinger,16.0,34.0,No,Yes,Sunny
2025-10-11,Capsicum,19.0,59.0,No,Yes,Sunny
2025-10-11,GreenChilli,15.0,72.0,No,Yes,Sunny
2025-10-12,LadyFinger,23.0,32.0,No,Yes,Sunny
2025-10-12,Potato,33.0,27.0,No,Yes,Sunny
2025-10-12,Tomato,27.0,44.0,No,Yes,Sunny
2025-10-12,Cabbage,18.0,28.0,No,Yes,Sunny
2025-10-12,Cauliflower,18.0,34.0,No,Yes,Sunny
2025-10-12,Spinach,19.0,17.0,No,Yes,Sunny
2025-10-12,Brinjal,18.0,40.0,No,Yes,
2025-10-12,Onion,22.0,33.0,No,Yes,Sunny
2025-10-12,Capsicum,14.0,58.0,No,Yes,Sunny
2025-10-12,GreenChilli,12.0,68.0,No,Yes,Sunny
2025-10-13,LadyFinger,29.0,44.0,Yes,No,Cloudy
2025-10-13,Onion,39.0,44.0,Yes,No,Cloudy
2025-10-13,Potato,43.0,37.0,Yes,No,Cloudy
2025-10-13,Tomato,41.0,56.0,Yes,No,Cloudy
2025-10-13,Cabbage,27.0,36.0,Yes,No,Cloudy
2025-10-13,Cauliflower,22.0,43.0,Yes,No,Cloudy
2025-10-13,GreenChilli,17.0,,Yes,No,Cloudy
2025-10-13,Capsicum,24.0,74.0,Yes,No,Cloudy
2025-10-13,Spinach,33.0,21.0,Yes,No,Cloudy
2025-10-13,Brinjal,30.0,50.0,Yes,No,Cloudy
2025-10-14,Cauliflower,21.0,35.0,No,No,Sunny
2025-10-14,Onion,22.0,34.0,No,No,Sunny
2025-10-14,Potato,22.0,29.0,No,No,Sunny
2025-10-14,GreenChilli,11.0,68.0,No,No,Sunny
2025-10-14,Capsicum,12.0,58.0,No,No,Sunny
2025-10-14,LadyFinger,20.0,35.0,No,No,Sunny
2025-10-14,Tomato,25.0,45.0,No,No,Sunny
2025-10-14,Spinach,20.0,17.0,No,No,Sunny
2025-10-14,Cabbage,14.0,,No,No,Sunny
2025-10-14,Brinjal,22.0,,No,No,Sunny
2025-10-15,Brinjal,,41.0,No,No,Rain
2025-10-15,Capsicum,2.0,58.0,No,No,Rain
2025-10-15,Onion,,34.0,No,No,Rain
2025-10-15,Potato,7.0,27.0,No,No,Rain
2025-10-15,Tomato,8.0,44.0,No,No,Rain
2025-10-15,,7.0,28.0,No,No,Rain
2025-10-15,Cauliflower,8.0,35.0,No,No,Rain
2025-10-15,Spinach,11.0,17.0,No,No,Rain
2025-10-15,LadyFinger,3.0,33.0,No,No,Rain
2025-10-15,GreenChilli,4.0,69.0,No,No,Rain
2025-10-16,Cauliflower,24.0,43.0,Yes,No,Sunny
2025-10-16,Tomato,43.0,55.0,Yes,No,Sunny
2025-10-16,Spinach,35.0,20.0,Yes,No,Sunny
2025-10-16,LadyFinger,1.0,44.0,Yes,No,Sunny
2025-10-16,Onion,39.0,42.0,Yes,No,Sunny
2025-10-16,Spinach,35.0,20.0,Yes,No,Sunny
2025-10-16,Potato,53.0,36.0,Yes,No,Sunny
2025-10-16,Brinjal,32.0,50.0,Yes,No,Sunny
2025-10-16,Cabbage,29.0,36.0,Yes,No,Sunny
2025-10-16,GreenChilli,19.0,86.0,Yes,No,Sunny
2025-10-16,Capsicum,21.0,,Yes,No,Sunny
2025-10-17,Cauliflower,9.0,34.0,No,No,Sunny
2025-10-17,Onion,26.0,,No,No,Storm
2025-10-17,GreenChilli,6.0,68.0,No,No,Sunny
2025-10-17,Capsicum,13.0,58.0,No,No,Sunny
2025-10-17,LadyFinger,20.0,34.0,No,No,Sunny
2025-10-17,Brinjal,13.0,39.0,No,No,Sunny
2025-10-17,,19.0,17.0,No,No,Sunny
2025-10-17,Potato,26.0,28.0,No,No,Sunny
2025-10-17,Cabbage,18.0,29.0,No,No,Sunny
2025-10-17,Tomato,17.0,,No,No,Sunny
2025-10-18,,25.0,16.0,No,Yes,Sunny
2025-10-18,Onion,29.0,35.0,No,Yes,Sunny
2025-10-18,Potato,25.0,28.0,No,Yes,Sunny
2025-10-18,Cabbage,14.0,28.0,No,Yes,Sunny
2025-10-18,Cauliflower,16.0,35.0,No,Yes,Sunny
2025-10-18,Tomato,24.0,46.0,No,Yes,Sunny
2025-10-18,Brinjal,15.0,39.0,No,Yes,Sunny
2025-10-18,LadyFinger,18.0,33.0,No,Yes,Sunny
2025-10-18,Capsicum,15.0,54.0,No,Yes,
2025-10-18,GreenChilli,8.0,69.0,No,Yes,Sunny
2025-10-19,Brinjal,17.0,41.0,No,Yes,Sunny
2025-10-19,Onion,24.0,34.0,No,Yes,Sunny
2025-10-19,Potato,35.0,27.0,No,Yes,Sunny
2025-10-19,Tomato,21.0,45.0,No,Yes,Sunny
2025-10-19,GreenChilli,24.0,68.0,No,Yes,
2025-10-19,Capsicum,11.0,55.0,No,Yes,Sunny
2025-10-19,LadyFinger,0.0,33.0,No,Yes,Sunny
2025-10-19,Cabbage,36.0,27.0,No,Yes,Sunny
2025-10-19,Cauliflower,13.0,35.0,No,Yes,Sunny
2025-10-19,Spinach,19.0,17.0,No,Yes,Sunny
2025-10-20,Cabbage,2.0,28.0,No,No,Rain
2025-10-20,Cauliflower,1.0,35.0,No,No,Rain
2025-10-20,Onion,11.0,36.0,No,No,Rain
2025-10-20,GreenChilli,1.0,67.0,No,No,Rain
2025-10-20,Capsicum,10.0,54.0,No,No,Rain
2025-10-20,LadyFinger,7.0,33.0,No,No,Rain
2025-10-20,Potato,6.0,28.0,No,No,Rain
2025-10-20,Spinach,10.0,17.0,No,No,Rain
2025-10-20,Cauliflower,1.0,35.0,No,No,Rain
2025-10-20,Tomato,7.0,47.0,No,No,Rain
2025-10-20,Brinjal,8.0,38.0,No,No,Rain
2025-10-21,LadyFinger,19.0,33.0,No,No,Sunny
2025-10-21,Capsicum,18.0,54.0,No,No,Sunny
2025-10-21,Onion,23.0,35.0,No,No,Sunny
2025-10-21,Potato,56.0,29.0,No,No,Sunny
2025-10-21,Tomato,24.0,46.0,No,No,Sunny
2025-10-21,Cabbage,13.0,27.0,No,No,Sunny
2025-10-21,Cauliflower,13.0,33.0,No,No,Sunny
2025-10-21,Spinach,17.0,17.0,No,No,Sunny
2025-10-21,Brinjal,18.0,40.0,No,No,Sunny
2025-10-21,GreenChilli,13.0,70.0,No,No,Sunny
2025-10-22,,25.0,16.0,No,No,Sunny
2025-10-22,Cauliflower,9.0,33.0,No,No,Sunny
2025-10-22,Cabbage,13.0,28.0,No,No,Sunny
2025-10-22,GreenChilli,13.0,67.0,No,No,Sunny
2025-10-22,Potato,28.0,29.0,No,No,Sunny
2025-10-22,Onion,22.0,33.0,No,No,Sunny
2025-10-22,LadyFinger,21.0,34.0,No,No,Sunny
2025-10-22,Tomato,26.0,48.0,No,No,Sunny
2025-10-22,Capsicum,27.0,59.0,No,No,Sunny
2025-10-22,Brinjal,15.0,40.0,No,No,Sunny
2025-10-23,LadyFinger,8.0,34.0,No,No,Rain
2025-10-23,Onion,8.0,33.0,No,No,Rain
2025-10-23,Potato,11.0,29.0,No,No,Rain
2025-10-23,Tomato,2.0,44.0,No,No,Rain
2025-10-23,Cabbage,4.0,27.0,No,No,Rain
2025-10-23,Cauliflower,7.0,34.0,No,No,Rain
2025-10-23,Spinach,5.0,17.0,No,No,Rain
2025-10-23,GreenChilli,1.0,70.0,No,No,Rain
2025-10-23,Capsicum,,57.0,No,No,Rain
2025-10-23,Brinjal,6.0,39.0,No,No,Rain
2025-10-24,Cauliflower,25.0,,Yes,No,Sunny
2025-10-24,Brinjal,30.0,51.0,Yes,No,Sunny
2025-10-24,,-5.0,44.0,Yes,No,Sunny
2025-10-24,Potato,49.0,35.0,Yes,No,
2025-10-24,Tomato,4.0,57.0,Yes,No,Sunny
2025-10-24,Cabbage,25.0,36.0,Yes,No,Sunny
2025-10-24,Cauliflower,25.0,,Yes,No,Sunny
2025-10-24,Spinach,33.0,20.0,Yes,No,Sunny
2025-10-24,GreenChilli,36.0,89.0,Yes,No,Sunny
2025-10-24,LadyFinger,8.0,42.0,Yes,No,Sunny
2025-10-24,Capsicum,24.0,69.0,Yes,No,Sunny
2025-10-25,Brinjal,14.0,40.0,No,Yes,Sunny
2025-10-25,Capsicum,20.0,54.0,No,Yes,Sunny
2025-10-25,Potato,35.0,27.0,No,Yes,Sunny
2025-10-25,Tomato,27.0,44.0,No,Yes,Sunny
2025-10-25,Cabbage,15.0,28.0,No,Yes,Sunny
2025-10-25,Cauliflower,16.0,34.0,No,Yes,Sunny
2025-10-25,Spinach,23.0,17.0,No,Yes,Sunny
2025-10-25,Brinjal,14.0,40.0,No,Yes,Sunny
2025-10-25,GreenChilli,11.0,71.0,No,Yes,Sunny
2025-10-25,Onion,29.0,34.0,No,Yes,Storm
2025-10-25,LadyFinger,19.0,33.0,No,Yes,Sunny
2025-10-26,Capsicum,2.0,54.0,No,Yes,Rain
2025-10-26,GreenChilli,3.0,69.0,No,Yes,Rain
2025-10-26,Potato,11.0,29.0,No,Yes,Rain
2025-10-26,Tomato,13.0,45.0,No,Yes,Rain
2025-10-26,Cabbage,9.0,,No,Yes,Rain
2025-10-26,Cauliflower,5.0,33.0,No,Yes,Rain
2025-10-26,Spinach,2.0,18.0,No,Yes,Rain
2025-10-26,Brinjal,5.0,38.0,No,Yes,Rain
2025-10-26,Onion,9.0,33.0,No,Yes,Rain
2025-10-26,LadyFinger,7.0,34.0,No,Yes,Rain
2025-10-27,Onion,10.0,35.0,No,No,Rain
2025-10-27,Potato,15.0,27.0,No,No,Rain
2025-10-27,Cabbage,7.0,,No,No,Rain
2025-10-27,Cauliflower,2.0,35.0,No,No,Rain
2025-10-27,Spinach,-5.0,18.0,No,No,Rain
2025-10-27,Brinjal,7.0,41.0,No,No,Rain
2025-10-27,LadyFinger,6.0,35.0,No,No,Rain
2025-10-27,Capsicum,7.0,58.0,No,No,Rain
2025-10-27,GreenChilli,4.0,69.0,No,No,Rain
2025-10-27,Tomato,8.0,44.0,No,No,Rain
2025-10-28,GreenChilli,18.0,86.0,Yes,No,Sunny
2025-10-28,Onion,43.0,41.0,Yes,No,Sunny
2025-10-28,,41.0,55.0,Yes,No,Sunny
2025-10-28,Cabbage,25.0,36.0,Yes,No,Sunny
2025-10-28,Cauliflower,27.0,42.0,Yes,No,Sunny
2025-10-28,Spinach,-5.0,21.0,Yes,No,Sunny
2025-10-28,Brinjal,24.0,50.0,Yes,No,Sunny
2025-10-28,LadyFinger,36.0,44.0,Yes,No,Sunny
2025-10-28,Potato,50.0,35.0,Yes,No,Sunny
2025-10-28,Capsicum,23.0,70.0,Yes,No,Sunny
2025-10-29,Onion,44.0,42.0,Yes,No,Sunny
2025-10-29,Potato,48.0,35.0,Yes,No,Sunny
2025-10-29,GreenChilli,19.0,87.0,Yes,No,Sunny
2025-10-29,Tomato,41.0,59.0,Yes,No,Sunny
2025-10-29,Cabbage,29.0,36.0,Yes,No,Sunny
2025-10-29,Cauliflower,26.0,43.0,Yes,No,Sunny
2025-10-29,Spinach,33.0,21.0,Yes,No,Sunny
2025-10-29,Brinjal,30.0,49.0,Yes,No,Sunny
2025-10-29,LadyFinger,36.0,44.0,Yes,No,Sunny
2025-10-29,Capsicum,20.0,70.0,Yes,No,Sunny
2025-10-30,GreenChilli,9.0,72.0,No,No,Cloudy
2025-10-30,Capsicum,12.0,55.0,No,No,Cloudy
2025-10-30,Potato,24.0,29.0,No,No,
2025-10-30,Tomato,23.0,44.0,No,No,Cloudy
2025-10-30,Cabbage,16.0,28.0,No,No,Cloudy
2025-10-30,Cauliflower,11.0,35.0,No,No,Cloudy
2025-10-30,,21.0,16.0,No,No,Cloudy
2025-10-30,Brinjal,18.0,38.0,No,No,Cloudy
2025-10-30,LadyFinger,17.0,34.0,No,No,Cloudy
2025-10-30,Onion,24.0,34.0,No,No,Cloudy
2025-10-31,Spinach,2.0,16.0,No,No,Rain
2025-10-31,Spinach,2.0,16.0,No,No,Rain
2025-10-31,Onion,8.0,,No,No,Rain
2025-10-31,Potato,9.0,28.0,Maybe,No,Rain
2025-10-31,Tomato,0.0,47.0,No,No,Rain
2025-10-31,Cabbage,9.0,28.0,No,No,Rain
2025-10-31,Cauliflower,0.0,32.0,No,No,Rain
2025-10-31,Brinjal,7.0,40.0,No,No,Rain
2025-10-31,,10.0,33.0,Maybe,No,Rain
2025-10-31,Capsicum,0.0,55.0,No,No,Rain
2025-10-31,GreenChilli,2.0,68.0,No,No,
2025-11-01,Cabbage,15.0,29.0,No,Yes,Sunny
2025-11-01,Onion,58.0,,No,Yes,Sunny
2025-11-01,Potato,72.0,20.0,No,Yes,Sunny
2025-11-01,Tomato,25.0,45.0,No,Yes,Sunny
2025-11-01,Spinach,48.0,12.0,No,Yes,
2025-11-01,Brinjal,26.0,40.0,No,Yes,Sunny
2025-11-01,LadyFinger,24.0,36.0,No,Yes,Sunny
2025-11-01,Capsicum,,59.0,No,Yes,Sunny
2025-11-01,GreenChilli,10.0,66.0,No,Yes,Sunny
2025-11-01,Cauliflower,35.0,25.0,No,Yes,Sunny
2025-11-02,,70.0,19.0,No,Yes,Sunny
2025-11-02,Onion,62.0,23.0,No,Yes,Sunny
2025-11-02,GreenChilli,8.0,72.0,No,Yes,Sunny
2025-11-02,Capsicum,17.0,57.0,No,Yes,Sunny
2025-11-02,LadyFinger,18.0,33.0,No,Yes,Sunny
2025-11-02,Brinjal,19.0,41.0,No,Yes,Sunny
2025-11-02,Spinach,44.0,11.0,No,Yes,Sunny
2025-11-02,Cauliflower,34.0,23.0,No,Yes,Sunny
2025-11-02,Cabbage,13.0,28.0,No,Yes,Sunny
2025-11-02,Tomato,28.0,44.0,No,Yes,Sunny
2025-11-03,Cabbage,27.0,35.0,Yes,No,Rain
2025-11-03,Onion,65.0,30.0,Maybe,No,Rain
2025-11-03,Tomato,33.0,56.0,Yes,No,Rain
2025-11-03,Cauliflower,35.0,29.0,Yes,No,Rain
2025-11-03,Spinach,43.0,14.0,Yes,No,Rain
2025-11-03,Brinjal,26.0,48.0,Yes,No,Rain
2025-11-03,LadyFinger,25.0,43.0,Yes,No,Rain
2025-11-03,Capsicum,19.0,70.0,Yes,No,Rain
2025-11-03,GreenChilli,4.0,85.0,Yes,No,Rain
2025-11-03,Potato,69.0,25.0,Yes,No,Rain
2025-11-04,Onion,50.0,24.0,No,No,Sunny
2025-11-04,Tomato,23.0,45.0,No,No,Sunny
2025-11-04,Cabbage,16.0,29.0,No,No,Sunny
2025-11-04,Cauliflower,32.0,24.0,No,No,Sunny
2025-11-04,Spinach,41.0,12.0,No,No,Sunny
2025-11-04,Brinjal,16.0,39.0,No,No,Sunny
2025-11-04,LadyFinger,19.0,33.0,No,No,Sunny
2025-11-04,Capsicum,17.0,58.0,No,No,
2025-11-04,GreenChilli,13.0,66.0,No,No,Sunny
2025-11-04,Potato,63.0,19.0,No,No,Sunny
2025-11-05,Spinach,43.0,12.0,No,No,Cloudy
2025-11-05,Onion,53.0,24.0,No,No,Cloudy
2025-11-05,Tomato,20.0,44.0,No,No,Cloudy
2025-11-05,Potato,59.0,20.0,No,No,Cloudy
2025-11-05,LadyFinger,19.0,35.0,No,No,Cloudy
2025-11-05,Cauliflower,26.0,23.0,No,No,Cloudy
2025-11-05,Spinach,43.0,12.0,No,No,Cloudy
2025-11-05,Brinjal,13.0,40.0,No,No,Cloudy
2025-11-05,GreenChilli,16.0,71.0,No,No,Cloudy
2025-11-05,Capsicum,11.0,60.0,No,No,Cloudy
2025-11-05,Cabbage,18.0,,No,No,
2025-11-06,Onion,50.0,24.0,No,No,Sunny
2025-11-06,Potato,62.0,20.0,No,No,Sunny
2025-11-06,Tomato,21.0,46.0,No,No,Sunny
2025-11-06,Cabbage,10.0,28.0,No,No,Sunny
2025-11-06,Brinjal,31.0,40.0,No,No,Sunny
2025-11-06,LadyFinger,18.0,34.0,No,No,Sunny
2025-11-06,Capsicum,12.0,56.0,No,No,Sunny
2025-11-06,GreenChilli,9.0,66.0,No,No,Sunny
2025-11-06,Cauliflower,25.0,23.0,No,No,Sunny
2025-11-06,Spinach,46.0,12.0,No,No,Sunny
2025-11-07,Spinach,44.0,12.0,No,No,Sunny
2025-11-07,Cauliflower,,24.0,No,No,Sunny
2025-11-07,Potato,63.0,20.0,No,No,Sunny
2025-11-07,Onion,52.0,,No,No,Sunny
2025-11-07,Tomato,23.0,44.0,No,No,Sunny
2025-11-07,Cabbage,19.0,27.0,No,No,Sunny
2025-11-07,Brinjal,,41.0,No,No,Sunny
2025-11-07,LadyFinger,18.0,35.0,No,No,Sunny
2025-11-07,Capsicum,13.0,58.0,No,No,Sunny
2025-11-07,GreenChilli,12.0,,No,No,Sunny
2025-11-08,Brinjal,6.0,42.0,No,Yes,Rain
2025-11-08,Onion,23.0,23.0,No,Yes,
2025-11-08,Potato,21.0,,Maybe,Yes,Rain
2025-11-08,Tomato,9.0,43.0,No,Yes,Rain
2025-11-08,,3.0,68.0,No,Yes,Rain
2025-11-08,Capsicum,5.0,57.0,No,Yes,Rain
2025-11-08,LadyFinger,6.0,34.0,No,Yes,
2025-11-08,Cabbage,10.0,28.0,No,Yes,Rain
2025-11-08,Spinach,18.0,11.0,No,Yes,Rain
2025-11-08,Cauliflower,-5.0,24.0,No,Yes,Rain
2025-11-09,Brinjal,8.0,38.0,No,Yes,Rain
2025-11-09,Onion,19.0,23.0,No,Yes,Rain
2025-11-09,,20.0,19.0,No,Yes,
2025-11-09,Tomato,7.0,46.0,No,Yes,Rain
2025-11-09,Cabbage,4.0,,No,Yes,Rain
2025-11-09,Cauliflower,9.0,24.0,No,Yes,Rain
2025-11-09,Spinach,17.0,11.0,No,Yes,
2025-11-09,GreenChilli,3.0,68.0,No,Yes,Rain
2025-11-09,LadyFinger,5.0,35.0,No,Yes,Rain
2025-11-09,Capsicum,3.0,56.0,No,Yes,Rain
2025-11-10,LadyFinger,24.0,35.0,No,No,Sunny
2025-11-10,Capsicum,14.0,60.0,No,No,Sunny
2025-11-10,Onion,54.0,25.0,No,No,Sunny
2025-11-10,Potato,65.0,20.0,No,No,Sunny
2025-11-10,Tomato,25.0,44.0,No,No,Sunny
2025-11-10,Cabbage,18.0,27.0,No,No,Sunny
2025-11-10,Cauliflower,33.0,24.0,No,No,Sunny
2025-11-10,Spinach,43.0,12.0,No,No,Sunny
2025-11-10,Brinjal,15.0,40.0,No,No,Sunny
2025-11-10,GreenChilli,14.0,69.0,No,No,Sunny
2025-11-11,Spinach,,12.0,No,No,Cloudy
2025-11-11,Cauliflower,29.0,24.0,No,No,Cloudy
2025-11-11,Cabbage,14.0,27.0,No,No,Cloudy
2025-11-11,Tomato,18.0,45.0,No,No,Cloudy
2025-11-11,GreenChilli,10.0,70.0,No,No,Cloudy
2025-11-11,Onion,52.0,24.0,No,No,Cloudy
2025-11-11,Brinjal,13.0,42.0,No,No,Cloudy
2025-11-11,Brinjal,13.0,42.0,No,No,Cloudy
2025-11-11,Potato,64.0,19.0,No,No,Cloudy
2025-11-11,LadyFinger,20.0,35.0,No,No,Cloudy
2025-11-11,Capsicum,24.0,58.0,No,No,Cloudy
2025-11-12,Onion,55.0,24.0,Maybe,No,Sunny
2025-11-12,Cauliflower,36.0,24.0,No,No,Sunny
2025-11-12,Spinach,43.0,11.0,No,No,Sunny
2025-11-12,Brinjal,17.0,39.0,No,No,Sunny
2025-11-12,LadyFinger,,33.0,No,No,Sunny
2025-11-12,Capsicum,16.0,55.0,No,No,Sunny
2025-11-12,,13.0,68.0,No,No,Sunny
2025-11-12,,30.0,43.0,No,No,Sunny
2025-11-12,Cabbage,10.0,,No,No,Sunny
2025-11-12,Potato,59.0,20.0,No,No,Storm
2025-11-13,Cauliflower,39.0,29.0,Yes,No,Sunny
2025-11-13,Potato,79.0,24.0,Yes,No,Sunny
2025-11-13,Onion,77.0,29.0,Yes,No,Sunny
2025-11-13,Spinach,52.0,14.0,Yes,No,Sunny
2025-11-13,Brinjal,34.0,48.0,Yes,No,Sunny
2025-11-13,LadyFinger,31.0,44.0,Yes,No,Sunny
2025-11-13,Capsicum,23.0,72.0,Yes,No,
2025-11-13,GreenChilli,16.0,87.0,Yes,No,Sunny
2025-11-13,Cabbage,29.0,37.0,Yes,No,Sunny
2025-11-13,Tomato,39.0,58.0,Yes,No,Storm
2025-11-14,Brinjal,16.0,41.0,No,No,Cloudy
2025-11-14,Tomato,20.0,44.0,No,No,Cloudy
2025-11-14,Potato,62.0,20.0,No,No,Cloudy
2025-11-14,Cauliflower,29.0,25.0,No,No,Cloudy
2025-11-14,Spinach,43.0,11.0,No,No,Cloudy
2025-11-14,LadyFinger,20.0,34.0,No,No,Cloudy
2025-11-14,Capsicum,13.0,56.0,No,No,Cloudy
2025-11-14,GreenChilli,13.0,69.0,No,No,Cloudy
2025-11-14,Onion,51.0,24.0,No,No,Cloudy
2025-11-14,Cabbage,19.0,28.0,No,No,Cloudy
2025-11-15,Potato,70.0,20.0,No,Yes,Sunny
2025-11-15,,56.0,24.0,No,Yes,Sunny
2025-11-15,Cauliflower,36.0,25.0,No,Yes,Sunny
2025-11-15,Spinach,45.0,12.0,No,Yes,
2025-11-15,Brinjal,19.0,41.0,No,Yes,Sunny
2025-11-15,LadyFinger,25.0,36.0,No,Yes,Sunny
2025-11-15,Capsicum,13.0,56.0,No,Yes,
2025-11-15,GreenChilli,15.0,70.0,No,Yes,Sunny
2025-11-15,Cabbage,17.0,28.0,No,Yes,Sunny
2025-11-15,Tomato,30.0,46.0,No,Yes,Sunny
2025-11-16,Tomato,26.0,47.0,No,Yes,Cloudy
2025-11-16,Cauliflower,34.0,24.0,No,Yes,Cloudy
2025-11-16,Onion,57.0,24.0,No,Yes,Cloudy
2025-11-16,Cauliflower,34.0,24.0,No,Yes,Cloudy
2025-11-16,Potato,62.0,20.0,No,Yes,Cloudy
2025-11-16,Cabbage,16.0,28.0,No,Yes,Cloudy
2025-11-16,Spinach,50.0,12.0,No,Yes,Cloudy
2025-11-16,Brinjal,16.0,40.0,No,Yes,Cloudy
2025-11-16,LadyFinger,38.0,34.0,No,Yes,Cloudy
2025-11-16,Capsicum,11.0,56.0,No,Yes,Cloudy
2025-11-16,GreenChilli,13.0,66.0,No,Yes,Cloudy
2025-11-17,Spinach,52.0,14.0,Yes,No,Sunny
2025-11-17,Onion,73.0,29.0,Yes,No,Sunny
2025-11-17,Potato,80.0,25.0,Yes,No,Sunny
2025-11-17,GreenChilli,21.0,86.0,Yes,No,Sunny
2025-11-17,Capsicum,19.0,70.0,Yes,No,Sunny
2025-11-17,LadyFinger,31.0,43.0,Yes,No,Sunny
2025-11-17,Brinjal,34.0,51.0,Yes,No,Sunny
2025-11-17,Tomato,38.0,58.0,Yes,No,Sunny
2025-11-17,Cauliflower,43.0,29.0,Yes,No,Sunny
2025-11-17,Cabbage,30.0,37.0,Yes,No,Sunny
2025-11-18,GreenChilli,12.0,65.0,No,No,Sunny
2025-11-18,Onion,51.0,24.0,No,No,Sunny
2025-11-18,Potato,67.0,20.0,No,No,Sunny
2025-11-18,Tomato,25.0,47.0,No,No,Sunny
2025-11-18,Cabbage,18.0,28.0,No,No,Sunny
2025-11-18,Cauliflower,30.0,24.0,No,No,Sunny
2025-11-18,Spinach,42.0,12.0,No,No,Sunny
2025-11-18,Brinjal,12.0,40.0,No,No,Sunny
2025-11-18,LadyFinger,16.0,34.0,No,No,Sunny
2025-11-18,Capsicum,22.0,54.0,No,No,Sunny
2025-11-19,Tomato,24.0,45.0,No,No,Cloudy
2025-11-19,Spinach,37.0,12.0,No,No,Cloudy
2025-11-19,Potato,60.0,20.0,No,No,Cloudy
2025-11-19,Cabbage,2.0,28.0,No,No,Cloudy
2025-11-19,LadyFinger,19.0,34.0,No,No,Cloudy
2025-11-19,Capsicum,14.0,57.0,No,No,Cloudy
2025-11-19,Cauliflower,29.0,23.0,No,No,Cloudy
2025-11-19,GreenChilli,12.0,69.0,No,No,Cloudy
2025-11-19,Onion,54.0,23.0,No,No,Cloudy
2025-11-19,Brinjal,20.0,40.0,No,No,Cloudy
2025-11-20,Onion,54.0,23.0,No,No,Sunny
2025-11-20,Potato,57.0,,No,No,Sunny
2025-11-20,Cauliflower,28.0,23.0,No,No,Sunny
2025-11-20,Spinach,37.0,12.0,No,No,Sunny
2025-11-20,Brinjal,17.0,39.0,No,No,
2025-11-20,LadyFinger,15.0,36.0,No,No,Sunny
2025-11-20,Capsicum,13.0,58.0,No,No,Sunny
2025-11-20,GreenChilli,9.0,67.0,No,No,Sunny
2025-11-20,Tomato,22.0,44.0,No,No,Sunny
2025-11-20,Cabbage,15.0,29.0,No,No,Sunny
2025-11-21,Spinach,5.0,12.0,No,No,Sunny
2025-11-21,Onion,56.0,23.0,No,No,Sunny
2025-11-21,Potato,62.0,19.0,No,No,Sunny
2025-11-21,Cabbage,18.0,29.0,No,No,Sunny
2025-11-21,Tomato,23.0,47.0,No,No,Sunny
2025-11-21,Cauliflower,36.0,23.0,No,No,Sunny
2025-11-21,Brinjal,17.0,40.0,No,No,Sunny
2025-11-21,LadyFinger,19.0,35.0,No,No,Sunny
2025-11-21,Capsicum,11.0,58.0,No,No,Sunny
2025-11-21,GreenChilli,11.0,68.0,No,No,Sunny
2025-11-22,Brinjal,19.0,39.0,No,Yes,Cloudy
2025-11-22,Onion,56.0,23.0,No,Yes,Cloudy
2025-11-22,Potato,63.0,19.0,No,Yes,Cloudy
2025-11-22,Tomato,23.0,47.0,No,Yes,Cloudy
2025-11-22,GreenChilli,,70.0,No,Yes,Cloudy
2025-11-22,Capsicum,15.0,58.0,No,Yes,Cloudy
2025-11-22,LadyFinger,19.0,35.0,No,Yes,Cloudy
2025-11-22,Cabbage,22.0,27.0,No,Yes,Cloudy
2025-11-22,Spinach,46.0,12.0,No,Yes,Cloudy
2025-11-22,Cauliflower,33.0,24.0,No,Yes,Cloudy
2025-11-23,LadyFinger,18.0,33.0,No,Yes,Sunny
2025-11-23,Onion,-5.0,23.0,No,Yes,Sunny
2025-11-23,Potato,135.0,19.0,No,Yes,Sunny
2025-11-23,Tomato,27.0,45.0,No,Yes,Sunny
2025-11-23,Cabbage,16.0,29.0,No,Yes,Sunny
2025-11-23,Cauliflower,39.0,24.0,No,Yes,Sunny
2025-11-23,Spinach,45.0,11.0,No,Yes,Sunny
2025-11-23,Brinjal,19.0,41.0,No,Yes,Sunny
2025-11-23,Capsicum,8.0,58.0,No,Yes,Sunny
2025-11-23,GreenChilli,17.0,66.0,No,Yes,Sunny
2025-11-24,Capsicum,26.0,56.0,No,No,Sunny
2025-11-24,GreenChilli,11.0,68.0,No,No,Sunny
2025-11-24,LadyFinger,23.0,34.0,No,No,Sunny
2025-11-24,Brinjal,19.0,38.0,No,No,Sunny
2025-11-24,Spinach,41.0,11.0,No,No,Sunny
2025-11-24,Cabbage,,28.0,No,No,Sunny
2025-11-24,Tomato,14.0,46.0,No,No,Storm
2025-11-24,Cauliflower,28.0,24.0,No,No,Sunny
2025-11-24,Onion,56.0,25.0,No,No,Sunny
2025-11-24,Potato,62.0,20.0,No,No,Sunny
2025-11-25,Capsicum,19.0,56.0,No,No,Sunny
2025-11-25,LadyFinger,24.0,33.0,No,No,Sunny
2025-11-25,Cauliflower,31.0,24.0,No,No,Sunny
2025-11-25,GreenChilli,11.0,70.0,No,No,Sunny
2025-11-25,Brinjal,12.0,40.0,No,No,Sunny
2025-11-25,Onion,55.0,25.0,No,No,Sunny
2025-11-25,Potato,58.0,19.0,No,No,Sunny
2025-11-25,Tomato,20.0,44.0,No,No,Sunny
2025-11-25,Cabbage,17.0,27.0,No,No,Sunny
2025-11-25,Spinach,42.0,12.0,No,No,Sunny
2025-11-26,Onion,51.0,25.0,No,No,Cloudy
2025-11-26,Potato,59.0,19.0,No,No,Cloudy
2025-11-26,Spinach,39.0,11.0,No,No,Cloudy
2025-11-26,Cabbage,14.0,28.0,No,No,Cloudy
2025-11-26,GreenChilli,7.0,67.0,No,No,Cloudy
2025-11-26,Capsicum,12.0,58.0,No,No,Cloudy
2025-11-26,LadyFinger,19.0,34.0,No,No,Cloudy
2025-11-26,Brinjal,13.0,39.0,No,No,Cloudy
2025-11-26,Tomato,25.0,47.0,No,No,Cloudy
2025-11-26,Cauliflower,36.0,25.0,No,No,Cloudy
2025-11-27,Cauliflower,40.0,30.0,Yes,No,Cloudy
2025-11-27,GreenChilli,19.0,88.0,Yes,No,Cloudy
2025-11-27,Onion,67.0,29.0,Yes,No,Cloudy
2025-11-27,Potato,80.0,24.0,Yes,No,Cloudy
2025-11-27,Tomato,33.0,57.0,Yes,No,Cloudy
2025-11-27,Cabbage,20.0,36.0,Yes,No,
2025-11-27,Spinach,59.0,14.0,Yes,No,
2025-11-27,Brinjal,32.0,51.0,Yes,No,Cloudy
2025-11-27,LadyFinger,29.0,42.0,Yes,No,Cloudy
2025-11-27,,21.0,69.0,Yes,No,Cloudy
2025-11-28,Brinjal,14.0,39.0,No,No,Sunny
2025-11-28,Spinach,48.0,11.0,No,No,Sunny
2025-11-28,Cauliflower,39.0,22.0,No,No,Sunny
2025-11-28,Cabbage,14.0,29.0,No,No,Sunny
2025-11-28,Capsicum,-5.0,59.0,No,No,Sunny
2025-11-28,Potato,66.0,20.0,No,No,Sunny
2025-11-28,Onion,55.0,24.0,No,No,Sunny
2025-11-28,LadyFinger,20.0,35.0,No,No,Sunny
2025-11-28,Tomato,24.0,46.0,No,No,Sunny
2025-11-28,GreenChilli,8.0,67.0,No,No,Sunny
2025-11-29,Spinach,45.0,11.0,No,Yes,Sunny
2025-11-29,Onion,9.0,24.0,No,Yes,Sunny
2025-11-29,Brinjal,10.0,39.0,No,Yes,Sunny
2025-11-29,LadyFinger,20.0,33.0,No,Yes,Sunny
2025-11-29,Capsicum,11.0,55.0,No,Yes,Sunny
2025-11-29,Cabbage,13.0,29.0,No,Yes,Sunny
2025-11-29,Cauliflower,31.0,24.0,No,Yes,Sunny
2025-11-29,GreenChilli,14.0,68.0,No,Yes,Sunny
2025-11-29,Tomato,23.0,45.0,No,Yes,Sunny
2025-11-29,Potato,64.0,19.0,No,Yes,Sunny
2025-11-30,Spinach,47.0,11.0,No,Yes,Sunny
2025-11-30,Cauliflower,34.0,22.0,No,Yes,Sunny
2025-11-30,LadyFinger,22.0,35.0,No,Yes,Sunny
2025-11-30,Tomato,28.0,46.0,No,Yes,Sunny
2025-11-30,Potato,70.0,19.0,No,Yes,Sunny
2025-11-30,Onion,61.0,24.0,No,Yes,Sunny
2025-11-30,Capsicum,15.0,57.0,No,Yes,Sunny
2025-11-30,GreenChilli,10.0,71.0,No,Yes,Sunny
2025-11-30,Brinjal,16.0,40.0,No,Yes,Sunny
2025-11-30,Cabbage,17.0,28.0,No,Yes,Sunny
