date,item,quantity_sold,price,is_event_raw,is_weekend_raw,weather_raw,is_event,day_of_week,is_weekend,weather,month,season
2025-08-03,Brinjal,18,40,No,Yes,Sunny,0,6,1,Sunny,8,Rainy
2025-08-03,Cabbage,16,29,No,Yes,Sunny,0,6,1,Sunny,8,Rainy
2025-08-03,Capsicum,13,56,No,Yes,Sunny,0,6,1,Sunny,8,Rainy
2025-08-03,Cauliflower,14,34,No,Yes,Sunny,0,6,1,Sunny,8,Rainy
2025-08-03,GreenChilli,14,68,No,Yes,Sunny,0,6,1,Sunny,8,Rainy
2025-08-03,LadyFinger,16,34,No,Yes,Sunny,0,6,1,Sunny,8,Rainy
2025-08-03,Onion,30,35,No,Yes,Sunny,0,6,1,Sunny,8,Rainy
2025-08-03,Potato,34,28,No,Yes,Sunny,0,6,1,Sunny,8,Rainy
2025-08-03,Tomato,26,44,No,Yes,Sunny,0,6,1,Sunny,8,Rainy
2025-08-04,Brinjal,6,41,No,No,Rain,0,0,0,Rain,8,Rainy
2025-08-04,Cabbage,9,28,No,No,Rain,0,0,0,Rain,8,Rainy
2025-08-04,Capsicum,4,56,No,No,Rain,0,0,0,Rain,8,Rainy
2025-08-04,Cauliflower,3,35,No,No,Rain,0,0,0,Rain,8,Rainy
2025-08-04,GreenChilli,4,71,No,No,Rain,0,0,0,Rain,8,Rainy
2025-08-04,LadyFinger,7,33,No,No,Rain,0,0,0,Rain,8,Rainy
2025-08-04,Onion,10,35,No,No,Rain,0,0,0,Rain,8,Rainy
2025-08-04,Potato,7,28,No,No,Rain,0,0,0,Rain,8,Rainy
2025-08-04,Spinach,6,16,No,No,Rain,0,0,0,Rain,8,Rainy
2025-08-04,Tomato,11,47,No,No,Rain,0,0,0,Rain,8,Rainy
2025-08-05,Brinjal,12,38,No,No,Cloudy,0,1,0,Cloudy,8,Rainy
2025-08-05,Cabbage,11,28,No,No,Cloudy,0,1,0,Cloudy,8,Rainy
2025-08-05,Capsicum,10,56,No,No,Cloudy,0,1,0,Cloudy,8,Rainy
2025-08-05,Cauliflower,23,32,No,No,Cloudy,0,1,0,Cloudy,8,Rainy
2025-08-05,GreenChilli,8,67,No,No,Cloudy,0,1,0,Cloudy,8,Rainy
2025-08-05,LadyFinger,17,33,No,No,Cloudy,0,1,0,Cloudy,8,Rainy
2025-08-05,Onion,21,36,No,No,Cloudy,0,1,0,Cloudy,8,Rainy
2025-08-05,Potato,30,28,No,No,Cloudy,0,1,0,Cloudy,8,Rainy
2025-08-05,Spinach,22,17,No,No,Cloudy,0,1,0,Cloudy,8,Rainy
2025-08-05,Tomato,24,46,No,No,Cloudy,0,1,0,Cloudy,8,Rainy
2025-08-06,Brinjal,15,40,No,No,,0,2,0,Sunny,8,Rainy
2025-08-06,Cabbage,11,29,No,No,Sunny,0,2,0,Sunny,8,Rainy
2025-08-06,Capsicum,17,59,No,No,Sunny,0,2,0,Sunny,8,Rainy
2025-08-06,Cauliflower,16,35,No,No,Sunny,0,2,0,Sunny,8,Rainy
2025-08-06,GreenChilli,11,67,No,No,Sunny,0,2,0,Sunny,8,Rainy
2025-08-06,LadyFinger,35,33,No,No,Sunny,0,2,0,Sunny,8,Rainy
2025-08-06,Onion,25,33,No,No,Sunny,0,2,0,Sunny,8,Rainy
2025-08-06,Potato,27,28,No,No,Sunny,0,2,0,Sunny,8,Rainy
2025-08-06,Spinach,25,17,Maybe,No,Sunny,0,2,0,Sunny,8,Rainy
2025-08-06,Tomato,26,44,No,No,Sunny,0,2,0,Sunny,8,Rainy
2025-08-07,Brinjal,19,38,No,No,Storm,0,3,0,Sunny,8,Rainy
2025-08-07,Cabbage,17,30,No,No,Sunny,0,3,0,Sunny,8,Rainy
2025-08-07,Capsicum,9,55,No,No,Sunny,0,3,0,Sunny,8,Rainy
2025-08-07,Cauliflower,16,33,No,No,Sunny,0,3,0,Sunny,8,Rainy
2025-08-07,GreenChilli,12,65,No,No,Sunny,0,3,0,Sunny,8,Rainy
2025-08-07,LadyFinger,19,35,No,No,Sunny,0,3,0,Sunny,8,Rainy
2025-08-07,Onion,26,33,No,No,Sunny,0,3,0,Sunny,8,Rainy
2025-08-07,Potato,27,28,No,No,Sunny,0,3,0,Sunny,8,Rainy
2025-08-07,Spinach,16,16,No,No,Sunny,0,3,0,Sunny,8,Rainy
2025-08-08,Brinjal,23,40,No,No,Sunny,0,4,0,Sunny,8,Rainy
2025-08-08,Cabbage,13,28,No,No,Sunny,0,4,0,Sunny,8,Rainy
2025-08-08,Capsicum,14,57,No,No,Sunny,0,4,0,Sunny,8,Rainy
2025-08-08,Cauliflower,9,34,No,No,Sunny,0,4,0,Sunny,8,Rainy
2025-08-08,GreenChilli,9,66,No,No,Sunny,0,4,0,Sunny,8,Rainy
2025-08-08,LadyFinger,21,32,No,No,Sunny,0,4,0,Sunny,8,Rainy
2025-08-08,Onion,25,34,No,No,Sunny,0,4,0,Sunny,8,Rainy
2025-08-08,Potato,19,27,No,No,Sunny,0,4,0,Sunny,8,Rainy
2025-08-08,Spinach,13,17,No,No,Sunny,0,4,0,Sunny,8,Rainy
2025-08-08,Tomato,26,44,No,No,Sunny,0,4,0,Sunny,8,Rainy
2025-08-09,Brinjal,15,38,No,Yes,Sunny,0,5,1,Sunny,8,Rainy
2025-08-09,Cabbage,19,29,No,Yes,Sunny,0,5,1,Sunny,8,Rainy
2025-08-09,Capsicum,13,57,No,Yes,Sunny,0,5,1,Sunny,8,Rainy
2025-08-09,Cauliflower,13,34,No,Yes,Sunny,0,5,1,Sunny,8,Rainy
2025-08-09,GreenChilli,12,70,No,Yes,Sunny,0,5,1,Sunny,8,Rainy
2025-08-09,LadyFinger,22,32,No,Yes,Sunny,0,5,1,Sunny,8,Rainy
2025-08-09,Onion,26,34,No,Yes,Sunny,0,5,1,Sunny,8,Rainy
2025-08-09,Potato,26,28,No,Yes,Sunny,0,5,1,Sunny,8,Rainy
2025-08-09,Spinach,22,16,No,Yes,Sunny,0,5,1,Sunny,8,Rainy
2025-08-09,Tomato,6,44,No,Yes,Sunny,0,5,1,Sunny,8,Rainy
2025-08-10,Brinjal,23,41,No,Yes,Sunny,0,6,1,Sunny,8,Rainy
2025-08-10,Cabbage,13,28,No,Yes,Sunny,0,6,1,Sunny,8,Rainy
2025-08-10,Capsicum,21,58,No,Yes,Sunny,0,6,1,Sunny,8,Rainy
2025-08-10,Cauliflower,15,33,No,Yes,Sunny,0,6,1,Sunny,8,Rainy
2025-08-10,GreenChilli,11,71,No,Yes,Sunny,0,6,1,Sunny,8,Rainy
2025-08-10,LadyFinger,20,35,No,Yes,Sunny,0,6,1,Sunny,8,Rainy
2025-08-10,Onion,23,33,No,Yes,,0,6,1,Sunny,8,Rainy
2025-08-10,Potato,33,27,No,Yes,Sunny,0,6,1,Sunny,8,Rainy
2025-08-10,Spinach,21,17,No,Yes,Sunny,0,6,1,Sunny,8,Rainy
2025-08-10,Tomato,3,46,No,Yes,Sunny,0,6,1,Sunny,8,Rainy
2025-08-11,Brinjal,19,40,No,No,Sunny,0,0,0,Sunny,8,Rainy
2025-08-11,Cabbage,16,27,No,No,Sunny,0,0,0,Sunny,8,Rainy
2025-08-11,Capsicum,15,57,No,No,Sunny,0,0,0,Sunny,8,Rainy
2025-08-11,Cauliflower,31,34,No,No,Sunny,0,0,0,Sunny,8,Rainy
2025-08-11,GreenChilli,8,66,No,No,Sunny,0,0,0,Sunny,8,Rainy
2025-08-11,LadyFinger,17,34,No,No,Sunny,0,0,0,Sunny,8,Rainy
2025-08-11,Onion,21,35,No,No,Sunny,0,0,0,Sunny,8,Rainy
2025-08-11,Potato,34,27,No,No,Sunny,0,0,0,Sunny,8,Rainy
2025-08-11,Spinach,22,18,No,No,Sunny,0,0,0,Sunny,8,Rainy
2025-08-11,Tomato,26,45,No,No,Sunny,0,0,0,Sunny,8,Rainy
2025-08-12,Brinjal,3,41,No,No,Rain,0,1,0,Rain,8,Rainy
2025-08-12,Cabbage,0,28,No,No,Rain,0,1,0,Rain,8,Rainy
2025-08-12,Capsicum,5,59,No,No,,0,1,0,Sunny,8,Rainy
2025-08-12,Cauliflower,1,35,No,No,Rain,0,1,0,Rain,8,Rainy
2025-08-12,GreenChilli,6,71,No,No,Rain,0,1,0,Rain,8,Rainy
2025-08-12,LadyFinger,7,33,No,No,Rain,0,1,0,Rain,8,Rainy
2025-08-12,Onion,9,33,No,No,Rain,0,1,0,Rain,8,Rainy
2025-08-12,Potato,9,27,No,No,Rain,0,1,0,Rain,8,Rainy
2025-08-12,Spinach,10,16,No,No,Rain,0,1,0,Rain,8,Rainy
2025-08-12,Tomato,8,46,No,No,Rain,0,1,0,Rain,8,Rainy
2025-08-13,Brinjal,20,39,No,No,Sunny,0,2,0,Sunny,8,Rainy
2025-08-13,Cabbage,15,27,No,No,Sunny,0,2,0,Sunny,8,Rainy
2025-08-13,Capsicum,16,58,No,No,Sunny,0,2,0,Sunny,8,Rainy
2025-08-13,Cauliflower,8,35,No,No,Sunny,0,2,0,Sunny,8,Rainy
2025-08-13,GreenChilli,8,70,No,No,Sunny,0,2,0,Sunny,8,Rainy
2025-08-13,Onion,23,35,No,No,Sunny,0,2,0,Sunny,8,Rainy
2025-08-13,Potato,31,27,No,No,Sunny,0,2,0,Sunny,8,Rainy
2025-08-13,Spinach,18,17,No,No,Sunny,0,2,0,Sunny,8,Rainy
2025-08-13,Tomato,20,44,No,No,Sunny,0,2,0,Sunny,8,Rainy
2025-08-14,Brinjal,17,39,No,No,Sunny,0,3,0,Sunny,8,Rainy
2025-08-14,Cabbage,15,29,No,No,Sunny,0,3,0,Sunny,8,Rainy
2025-08-14,Capsicum,9,56,No,No,Sunny,0,3,0,Sunny,8,Rainy
2025-08-14,Cauliflower,14,35,No,No,Sunny,0,3,0,Sunny,8,Rainy
2025-08-14,LadyFinger,14,34,No,No,Sunny,0,3,0,Sunny,8,Rainy
2025-08-14,Onion,27,34,No,No,Sunny,0,3,0,Sunny,8,Rainy
2025-08-14,Potato,26,28,No,No,Sunny,0,3,0,Sunny,8,Rainy
2025-08-14,Spinach,14,17,No,No,Sunny,0,3,0,Sunny,8,Rainy
2025-08-14,Tomato,23,48,No,No,Sunny,0,3,0,Sunny,8,Rainy
2025-08-15,Brinjal,17,38,No,No,Sunny,0,4,0,Sunny,8,Rainy
2025-08-15,Cabbage,15,28,No,No,Sunny,0,4,0,Sunny,8,Rainy
2025-08-15,Capsicum,10,59,No,No,Storm,0,4,0,Sunny,8,Rainy
2025-08-15,Cauliflower,18,33,No,No,Sunny,0,4,0,Sunny,8,Rainy
2025-08-15,GreenChilli,14,72,No,No,Sunny,0,4,0,Sunny,8,Rainy
2025-08-15,LadyFinger,19,33,No,No,Sunny,0,4,0,Sunny,8,Rainy
2025-08-15,Potato,29,27,No,No,Sunny,0,4,0,Sunny,8,Rainy
2025-08-15,Spinach,0,17,No,No,Sunny,0,4,0,Sunny,8,Rainy
2025-08-15,Tomato,28,43,No,No,Sunny,0,4,0,Sunny,8,Rainy
2025-08-16,Brinjal,22,40,No,Yes,Sunny,0,5,1,Sunny,8,Rainy
2025-08-16,Cabbage,18,28,No,Yes,Sunny,0,5,1,Sunny,8,Rainy
2025-08-16,Capsicum,14,55,No,Yes,Sunny,0,5,1,Sunny,8,Rainy
2025-08-16,Cauliflower,20,34,No,Yes,Sunny,0,5,1,Sunny,8,Rainy
2025-08-16,GreenChilli,11,66,No,Yes,Sunny,0,5,1,Sunny,8,Rainy
2025-08-16,LadyFinger,19,34,No,Yes,Sunny,0,5,1,Sunny,8,Rainy
2025-08-16,Onion,25,35,No,Yes,Sunny,0,5,1,Sunny,8,Rainy
2025-08-16,Potato,34,30,No,Yes,Sunny,0,5,1,Sunny,8,Rainy
2025-08-16,Spinach,22,16,No,Yes,Sunny,0,5,1,Sunny,8,Rainy
2025-08-16,Tomato,25,46,No,Yes,Sunny,0,5,1,Sunny,8,Rainy
2025-08-17,Brinjal,26,49,Yes,Yes,Rain,1,6,1,Rain,8,Rainy
2025-08-17,Cabbage,32,35,Yes,Yes,Rain,1,6,1,Rain,8,Rainy
2025-08-17,Cauliflower,28,42,Yes,Yes,Rain,1,6,1,Rain,8,Rainy
2025-08-17,GreenChilli,20,83,Yes,Yes,Rain,1,6,1,Rain,8,Rainy
2025-08-17,LadyFinger,28,43,Yes,Yes,Rain,1,6,1,Rain,8,Rainy
2025-08-17,Onion,42,44,Yes,Yes,Rain,1,6,1,Rain,8,Rainy
2025-08-17,Potato,47,34,Yes,Yes,Storm,1,6,1,Sunny,8,Rainy
2025-08-17,Spinach,31,20,Yes,Yes,Rain,1,6,1,Rain,8,Rainy
2025-08-17,Tomato,23,58,Yes,Yes,Rain,1,6,1,Rain,8,Rainy
2025-08-18,Brinjal,16,40,Maybe,No,Sunny,0,0,0,Sunny,8,Rainy
2025-08-18,Cabbage,14,27,No,No,Sunny,0,0,0,Sunny,8,Rainy
2025-08-18,Capsicum,11,57,No,No,Sunny,0,0,0,Sunny,8,Rainy
2025-08-18,Cauliflower,2,33,No,No,,0,0,0,Sunny,8,Rainy
2025-08-18,GreenChilli,13,69,No,No,Sunny,0,0,0,Sunny,8,Rainy
2025-08-18,LadyFinger,17,35,No,No,,0,0,0,Sunny,8,Rainy
2025-08-18,Onion,33,32,No,No,Sunny,0,0,0,Sunny,8,Rainy
2025-08-18,Potato,31,27,No,No,Storm,0,0,0,Sunny,8,Rainy
2025-08-18,Spinach,14,17,No,No,Sunny,0,0,0,Sunny,8,Rainy
2025-08-18,Tomato,24,43,No,No,Sunny,0,0,0,Sunny,8,Rainy
2025-08-19,Brinjal,9,41,No,No,Sunny,0,1,0,Sunny,8,Rainy
2025-08-19,Cabbage,12,27,No,No,Sunny,0,1,0,Sunny,8,Rainy
2025-08-19,Capsicum,16,54,No,No,Sunny,0,1,0,Sunny,8,Rainy
2025-08-19,Cauliflower,11,35,No,No,Sunny,0,1,0,Sunny,8,Rainy
2025-08-19,GreenChilli,14,67,No,No,Sunny,0,1,0,Sunny,8,Rainy
2025-08-19,LadyFinger,15,36,No,No,Sunny,0,1,0,Sunny,8,Rainy
2025-08-19,Onion,25,33,No,No,Sunny,0,1,0,Sunny,8,Rainy
2025-08-19,Potato,18,27,No,No,Sunny,0,1,0,Sunny,8,Rainy
2025-08-19,Spinach,15,17,No,No,Sunny,0,1,0,Sunny,8,Rainy
2025-08-19,Tomato,18,45,No,No,Sunny,0,1,0,Sunny,8,Rainy
2025-08-20,Brinjal,0,39,No,No,Cloudy,0,2,0,Cloudy,8,Rainy
2025-08-20,Cabbage,14,28,No,No,Cloudy,0,2,0,Cloudy,8,Rainy
2025-08-20,Capsicum,4,60,No,No,Cloudy,0,2,0,Cloudy,8,Rainy
2025-08-20,Cauliflower,12,35,No,No,Cloudy,0,2,0,Cloudy,8,Rainy
2025-08-20,GreenChilli,7,65,No,No,Cloudy,0,2,0,Cloudy,8,Rainy
2025-08-20,LadyFinger,17,33,No,No,Cloudy,0,2,0,Cloudy,8,Rainy
2025-08-20,Onion,29,33,No,No,Cloudy,0,2,0,Cloudy,8,Rainy
2025-08-20,Potato,22,28,No,No,Cloudy,0,2,0,Cloudy,8,Rainy
2025-08-20,Spinach,14,16,No,No,Cloudy,0,2,0,Cloudy,8,Rainy
2025-08-20,Tomato,21,46,No,No,Cloudy,0,2,0,Cloudy,8,Rainy
2025-08-21,Brinjal,3,38,No,No,Sunny,0,3,0,Sunny,8,Rainy
2025-08-21,Cabbage,17,28,No,No,Sunny,0,3,0,Sunny,8,Rainy
2025-08-21,Capsicum,15,58,No,No,Sunny,0,3,0,Sunny,8,Rainy
2025-08-21,Cauliflower,7,35,No,No,Sunny,0,3,0,Sunny,8,Rainy
2025-08-21,GreenChilli,9,72,No,No,Sunny,0,3,0,Sunny,8,Rainy
2025-08-21,LadyFinger,16,33,No,No,Sunny,0,3,0,Sunny,8,Rainy
2025-08-21,Onion,24,35,No,No,Sunny,0,3,0,Sunny,8,Rainy
2025-08-21,Potato,30,28,No,No,Sunny,0,3,0,Sunny,8,Rainy
2025-08-21,Spinach,22,17,No,No,Sunny,0,3,0,Sunny,8,Rainy
2025-08-21,Tomato,24,45,No,No,Sunny,0,3,0,Sunny,8,Rainy
2025-08-22,Brinjal,8,41,No,No,Cloudy,0,4,0,Cloudy,8,Rainy
2025-08-22,Cabbage,23,30,No,No,Cloudy,0,4,0,Cloudy,8,Rainy
2025-08-22,Capsicum,6,58,No,No,Cloudy,0,4,0,Cloudy,8,Rainy
2025-08-22,GreenChilli,4,72,No,No,Cloudy,0,4,0,Cloudy,8,Rainy
2025-08-22,LadyFinger,21,33,No,No,Cloudy,0,4,0,Cloudy,8,Rainy
2025-08-22,Onion,23,33,No,No,Cloudy,0,4,0,Cloudy,8,Rainy
2025-08-22,Potato,27,27,No,No,Cloudy,0,4,0,Cloudy,8,Rainy
2025-08-22,Spinach,18,17,No,No,Cloudy,0,4,0,Cloudy,8,Rainy
2025-08-22,Tomato,28,43,No,No,Cloudy,0,4,0,Cloudy,8,Rainy
2025-08-23,Brinjal,28,48,Yes,Yes,Rain,1,5,1,Rain,8,Rainy
2025-08-23,Cabbage,5,34,Yes,Yes,Rain,1,5,1,Rain,8,Rainy
2025-08-23,Capsicum,24,71,Yes,Yes,Rain,1,5,1,Rain,8,Rainy
2025-08-23,Cauliflower,22,44,Yes,Yes,Rain,1,5,1,Rain,8,Rainy
2025-08-23,GreenChilli,23,82,Yes,Yes,Rain,1,5,1,Rain,8,Rainy
2025-08-23,LadyFinger,29,44,Yes,Yes,Rain,1,5,1,Rain,8,Rainy
2025-08-23,Onion,26,44,Yes,Yes,Rain,1,5,1,Rain,8,Rainy
2025-08-23,Potato,50,34,Yes,Yes,Rain,1,5,1,Rain,8,Rainy
2025-08-23,Spinach,31,21,Yes,Yes,Rain,1,5,1,Rain,8,Rainy
2025-08-23,Tomato,41,55,Yes,Yes,Rain,1,5,1,Rain,8,Rainy
2025-08-24,Brinjal,6,39,No,Yes,Rain,0,6,1,Rain,8,Rainy
2025-08-24,Cabbage,7,27,No,Yes,Rain,0,6,1,Rain,8,Rainy
2025-08-24,Cauliflower,7,34,No,Yes,Rain,0,6,1,Rain,8,Rainy
2025-08-24,GreenChilli,7,70,No,Yes,Rain,0,6,1,Rain,8,Rainy
2025-08-24,LadyFinger,12,34,No,Yes,Rain,0,6,1,Rain,8,Rainy
2025-08-24,Onion,12,32,No,Yes,Rain,0,6,1,Rain,8,Rainy
2025-08-24,Potato,13,30,No,Yes,Rain,0,6,1,Rain,8,Rainy
2025-08-24,Tomato,5,44,No,Yes,Rain,0,6,1,Rain,8,Rainy
2025-08-25,Brinjal,7,42,No,No,Rain,0,0,0,Rain,8,Rainy
2025-08-25,Cabbage,8,28,No,No,Rain,0,0,0,Rain,8,Rainy
2025-08-25,Capsicum,8,58,No,No,Rain,0,0,0,Rain,8,Rainy
2025-08-25,Cauliflower,0,34,No,No,Rain,0,0,0,Rain,8,Rainy
2025-08-25,GreenChilli,10,65,No,No,Rain,0,0,0,Rain,8,Rainy
2025-08-25,LadyFinger,9,34,No,No,Rain,0,0,0,Rain,8,Rainy
2025-08-25,Onion,16,35,No,No,Rain,0,0,0,Rain,8,Rainy
2025-08-25,Potato,10,29,No,No,Rain,0,0,0,Rain,8,Rainy
2025-08-25,Spinach,7,16,No,No,Rain,0,0,0,Rain,8,Rainy
2025-08-25,Tomato,6,46,No,No,Rain,0,0,0,Rain,8,Rainy
2025-08-26,Brinjal,19,39,No,No,Sunny,0,1,0,Sunny,8,Rainy
2025-08-26,Cabbage,12,28,No,No,Sunny,0,1,0,Sunny,8,Rainy
2025-08-26,Capsicum,11,56,No,No,Sunny,0,1,0,Sunny,8,Rainy
2025-08-26,Cauliflower,16,35,No,No,Sunny,0,1,0,Sunny,8,Rainy
2025-08-26,GreenChilli,12,69,No,No,Sunny,0,1,0,Sunny,8,Rainy
2025-08-26,LadyFinger,14,33,No,No,,0,1,0,Sunny,8,Rainy
2025-08-26,Onion,26,35,No,No,Sunny,0,1,0,Sunny,8,Rainy
2025-08-26,Potato,33,28,No,No,Sunny,0,1,0,Sunny,8,Rainy
2025-08-26,Spinach,24,18,No,No,Sunny,0,1,0,Sunny,8,Rainy
2025-08-26,Tomato,17,44,No,No,Sunny,0,1,0,Sunny,8,Rainy
2025-08-27,Brinjal,16,39,No,No,Sunny,0,2,0,Sunny,8,Rainy
2025-08-27,Cabbage,15,28,No,No,Sunny,0,2,0,Sunny,8,Rainy
2025-08-27,Capsicum,10,56,No,No,Sunny,0,2,0,Sunny,8,Rainy
2025-08-27,Cauliflower,11,33,No,No,Sunny,0,2,0,Sunny,8,Rainy
2025-08-27,GreenChilli,12,65,No,No,Sunny,0,2,0,Sunny,8,Rainy
2025-08-27,LadyFinger,19,34,No,No,Sunny,0,2,0,Sunny,8,Rainy
2025-08-27,Potato,26,28,No,No,Sunny,0,2,0,Sunny,8,Rainy
2025-08-27,Spinach,21,16,No,No,Sunny,0,2,0,Sunny,8,Rainy
2025-08-27,Tomato,19,44,No,No,Sunny,0,2,0,Sunny,8,Rainy
2025-08-28,Brinjal,13,39,No,No,Cloudy,0,3,0,Cloudy,8,Rainy
2025-08-28,Cabbage,14,29,No,No,Cloudy,0,3,0,Cloudy,8,Rainy
2025-08-28,Capsicum,10,57,No,No,Cloudy,0,3,0,Cloudy,8,Rainy
2025-08-28,Cauliflower,17,33,No,No,Cloudy,0,3,0,Cloudy,8,Rainy
2025-08-28,GreenChilli,14,68,No,No,Cloudy,0,3,0,Cloudy,8,Rainy
2025-08-28,LadyFinger,14,33,No,No,Cloudy,0,3,0,Cloudy,8,Rainy
2025-08-28,Onion,22,34,No,No,Cloudy,0,3,0,Cloudy,8,Rainy
2025-08-28,Potato,25,29,No,No,Cloudy,0,3,0,Cloudy,8,Rainy
2025-08-28,Spinach,3,17,No,No,Cloudy,0,3,0,Cloudy,8,Rainy
2025-08-29,Brinjal,14,39,No,No,Sunny,0,4,0,Sunny,8,Rainy
2025-08-29,Cabbage,15,28,No,No,Sunny,0,4,0,Sunny,8,Rainy
2025-08-29,Capsicum,14,58,No,No,Sunny,0,4,0,Sunny,8,Rainy
2025-08-29,Cauliflower,17,34,No,No,Sunny,0,4,0,Sunny,8,Rainy
2025-08-29,GreenChilli,12,71,No,No,Sunny,0,4,0,Sunny,8,Rainy
2025-08-29,LadyFinger,14,34,No,No,Sunny,0,4,0,Sunny,8,Rainy
2025-08-29,Onion,26,34,No,No,,0,4,0,Sunny,8,Rainy
2025-08-29,Potato,26,29,No,No,Sunny,0,4,0,Sunny,8,Rainy
2025-08-29,Tomato,22,46,No,No,,0,4,0,Sunny,8,Rainy
2025-08-30,Brinjal,17,41,No,Yes,Cloudy,0,5,1,Cloudy,8,Rainy
2025-08-30,Cabbage,15,27,No,Yes,Cloudy,0,5,1,Cloudy,8,Rainy
2025-08-30,Cauliflower,16,32,No,Yes,Cloudy,0,5,1,Cloudy,8,Rainy
2025-08-30,GreenChilli,12,66,No,Yes,Cloudy,0,5,1,Cloudy,8,Rainy
2025-08-30,LadyFinger,17,35,No,Yes,,0,5,1,Sunny,8,Rainy
2025-08-30,Onion,28,32,No,Yes,Cloudy,0,5,1,Cloudy,8,Rainy
2025-08-30,Potato,31,27,No,Yes,Cloudy,0,5,1,Cloudy,8,Rainy
2025-08-30,Spinach,16,17,No,Yes,Cloudy,0,5,1,Cloudy,8,Rainy
2025-08-30,Tomato,23,46,No,Yes,Cloudy,0,5,1,Cloudy,8,Rainy
2025-08-31,Brinjal,17,39,No,Yes,Sunny,0,6,1,Sunny,8,Rainy
2025-08-31,Cabbage,18,29,No,Yes,Sunny,0,6,1,Sunny,8,Rainy
2025-08-31,Capsicum,15,57,No,Yes,Sunny,0,6,1,Sunny,8,Rainy
2025-08-31,Cauliflower,12,35,No,Yes,Sunny,0,6,1,Sunny,8,Rainy
2025-08-31,GreenChilli,13,67,No,Yes,Sunny,0,6,1,Sunny,8,Rainy
2025-08-31,LadyFinger,19,34,No,Yes,Sunny,0,6,1,Sunny,8,Rainy
2025-08-31,Onion,26,34,No,Yes,Sunny,0,6,1,Sunny,8,Rainy
2025-08-31,Spinach,20,16,No,Yes,Sunny,0,6,1,Sunny,8,Rainy
2025-08-31,Tomato,50,44,No,Yes,Sunny,0,6,1,Sunny,8,Rainy
2025-09-01,Brinjal,17,41,No,No,Cloudy,0,0,0,Cloudy,9,Rainy
2025-09-01,Cabbage,16,29,No,No,Cloudy,0,0,0,Cloudy,9,Rainy
2025-09-01,Capsicum,11,59,No,No,Cloudy,0,0,0,Cloudy,9,Rainy
2025-09-01,Cauliflower,12,33,No,No,Cloudy,0,0,0,Cloudy,9,Rainy
2025-09-01,GreenChilli,9,70,No,No,Cloudy,0,0,0,Cloudy,9,Rainy
2025-09-01,LadyFinger,18,34,No,No,Cloudy,0,0,0,Cloudy,9,Rainy
2025-09-01,Onion,27,33,No,No,Cloudy,0,0,0,Cloudy,9,Rainy
2025-09-01,Potato,36,27,No,No,Cloudy,0,0,0,Cloudy,9,Rainy
2025-09-01,Spinach,26,17,No,No,Cloudy,0,0,0,Cloudy,9,Rainy
2025-09-01,Tomato,20,47,No,No,Cloudy,0,0,0,Cloudy,9,Rainy
2025-09-02,Brinjal,14,42,No,No,Sunny,0,1,0,Sunny,9,Rainy
2025-09-02,Cabbage,15,29,No,No,Sunny,0,1,0,Sunny,9,Rainy
2025-09-02,Capsicum,8,58,No,No,Sunny,0,1,0,Sunny,9,Rainy
2025-09-02,Cauliflower,17,33,No,No,Sunny,0,1,0,Sunny,9,Rainy
2025-09-02,GreenChilli,13,71,No,No,Sunny,0,1,0,Sunny,9,Rainy
2025-09-02,LadyFinger,19,35,No,No,Sunny,0,1,0,Sunny,9,Rainy
2025-09-02,Onion,26,33,No,No,Sunny,0,1,0,Sunny,9,Rainy
2025-09-02,Potato,28,27,No,No,Sunny,0,1,0,Sunny,9,Rainy
2025-09-02,Spinach,17,17,No,No,Sunny,0,1,0,Sunny,9,Rainy
2025-09-02,Tomato,24,43,No,No,,0,1,0,Sunny,9,Rainy
2025-09-03,Brinjal,4,41,No,No,Rain,0,2,0,Rain,9,Rainy
2025-09-03,Cabbage,8,28,No,No,Rain,0,2,0,Rain,9,Rainy
2025-09-03,Capsicum,14,56,No,No,Rain,0,2,0,Rain,9,Rainy
2025-09-03,Cauliflower,4,35,No,No,Rain,0,2,0,Rain,9,Rainy
2025-09-03,GreenChilli,3,67,No,No,Rain,0,2,0,Rain,9,Rainy
2025-09-03,LadyFinger,5,34,No,No,Rain,0,2,0,Rain,9,Rainy
2025-09-03,Onion,11,33,No,No,Rain,0,2,0,Rain,9,Rainy
2025-09-03,Potato,13,29,No,No,Rain,0,2,0,Rain,9,Rainy
2025-09-03,Spinach,9,17,No,No,Rain,0,2,0,Rain,9,Rainy
2025-09-03,Tomato,3,45,No,No,Rain,0,2,0,Rain,9,Rainy
2025-09-04,Brinjal,14,38,No,No,Cloudy,0,3,0,Cloudy,9,Rainy
2025-09-04,Cabbage,15,30,No,No,Cloudy,0,3,0,Cloudy,9,Rainy
2025-09-04,Capsicum,14,57,No,No,Cloudy,0,3,0,Cloudy,9,Rainy
2025-09-04,Cauliflower,14,35,No,No,Cloudy,0,3,0,Cloudy,9,Rainy
2025-09-04,GreenChilli,11,68,No,No,Cloudy,0,3,0,Cloudy,9,Rainy
2025-09-04,LadyFinger,17,33,No,No,Cloudy,0,3,0,Cloudy,9,Rainy
2025-09-04,Onion,26,33,No,No,Cloudy,0,3,0,Cloudy,9,Rainy
2025-09-04,Potato,31,29,No,No,Cloudy,0,3,0,Cloudy,9,Rainy
2025-09-04,Spinach,14,16,No,No,Cloudy,0,3,0,Cloudy,9,Rainy
2025-09-04,Tomato,21,44,No,No,Cloudy,0,3,0,Cloudy,9,Rainy
2025-09-05,Brinjal,15,39,No,No,Sunny,0,4,0,Sunny,9,Rainy
2025-09-05,Cabbage,16,28,No,No,Sunny,0,4,0,Sunny,9,Rainy
2025-09-05,Cauliflower,17,32,No,No,Sunny,0,4,0,Sunny,9,Rainy
2025-09-05,GreenChilli,18,69,No,No,Sunny,0,4,0,Sunny,9,Rainy
2025-09-05,LadyFinger,19,32,No,No,Sunny,0,4,0,Sunny,9,Rainy
2025-09-05,Onion,18,35,No,No,Sunny,0,4,0,Sunny,9,Rainy
2025-09-05,Potato,34,28,No,No,Sunny,0,4,0,Sunny,9,Rainy
2025-09-05,Spinach,21,17,No,No,Sunny,0,4,0,Sunny,9,Rainy
2025-09-05,Tomato,20,47,No,No,Sunny,0,4,0,Sunny,9,Rainy
2025-09-06,Brinjal,21,38,No,Yes,Sunny,0,5,1,Sunny,9,Rainy
2025-09-06,Cabbage,18,29,No,Yes,Sunny,0,5,1,Sunny,9,Rainy
2025-09-06,Capsicum,16,58,No,Yes,Sunny,0,5,1,Sunny,9,Rainy
2025-09-06,Cauliflower,12,33,No,Yes,,0,5,1,Sunny,9,Rainy
2025-09-06,GreenChilli,9,67,No,Yes,Sunny,0,5,1,Sunny,9,Rainy
2025-09-06,LadyFinger,23,33,No,Yes,Sunny,0,5,1,Sunny,9,Rainy
2025-09-06,Onion,22,34,No,Yes,,0,5,1,Sunny,9,Rainy
2025-09-06,Potato,31,29,No,Yes,Sunny,0,5,1,Sunny,9,Rainy
2025-09-06,Spinach,25,16,No,Yes,Sunny,0,5,1,Sunny,9,Rainy
2025-09-06,Tomato,26,47,No,Yes,Sunny,0,5,1,Sunny,9,Rainy
2025-09-07,Brinjal,32,39,No,Yes,Sunny,0,6,1,Sunny,9,Rainy
2025-09-07,Cabbage,18,29,No,Yes,Sunny,0,6,1,Sunny,9,Rainy
2025-09-07,Cauliflower,16,32,No,Yes,Sunny,0,6,1,Sunny,9,Rainy
2025-09-07,GreenChilli,10,67,No,Yes,Sunny,0,6,1,Sunny,9,Rainy
2025-09-07,LadyFinger,21,34,No,Yes,Sunny,0,6,1,Sunny,9,Rainy
2025-09-07,Onion,32,33,No,Yes,Sunny,0,6,1,Sunny,9,Rainy
2025-09-07,Potato,30,29,No,Yes,Sunny,0,6,1,Sunny,9,Rainy
2025-09-07,Spinach,22,17,No,Yes,Sunny,0,6,1,Sunny,9,Rainy
2025-09-07,Tomato,26,47,No,Yes,Sunny,0,6,1,Sunny,9,Rainy
2025-09-08,Brinjal,35,41,No,No,Sunny,0,0,0,Sunny,9,Rainy
2025-09-08,Cabbage,12,27,No,No,Sunny,0,0,0,Sunny,9,Rainy
2025-09-08,Capsicum,16,56,No,No,Sunny,0,0,0,Sunny,9,Rainy
2025-09-08,Cauliflower,11,34,No,No,,0,0,0,Sunny,9,Rainy
2025-09-08,GreenChilli,7,71,No,No,Sunny,0,0,0,Sunny,9,Rainy
2025-09-08,LadyFinger,23,35,No,No,Sunny,0,0,0,Sunny,9,Rainy
2025-09-08,Onion,25,35,No,No,Sunny,0,0,0,Sunny,9,Rainy
2025-09-08,Potato,28,27,No,No,Sunny,0,0,0,Sunny,9,Rainy
2025-09-08,Spinach,13,18,No,No,Sunny,0,0,0,Sunny,9,Rainy
2025-09-08,Tomato,27,43,No,No,Sunny,0,0,0,Sunny,9,Rainy
2025-09-09,Brinjal,5,41,No,No,Rain,0,1,0,Rain,9,Rainy
2025-09-09,Cabbage,5,27,No,No,Rain,0,1,0,Rain,9,Rainy
2025-09-09,Capsicum,5,60,No,No,Rain,0,1,0,Rain,9,Rainy
2025-09-09,Cauliflower,0,34,No,No,Rain,0,1,0,Rain,9,Rainy
2025-09-09,GreenChilli,11,71,No,No,Rain,0,1,0,Rain,9,Rainy
2025-09-09,LadyFinger,7,35,No,No,Rain,0,1,0,Rain,9,Rainy
2025-09-09,Onion,6,35,No,No,Rain,0,1,0,Rain,9,Rainy
2025-09-09,Potato,9,27,No,No,Rain,0,1,0,Rain,9,Rainy
2025-09-09,Spinach,22,16,No,No,Rain,0,1,0,Rain,9,Rainy
2025-09-09,Tomato,13,47,No,No,Rain,0,1,0,Rain,9,Rainy
2025-09-10,Brinjal,4,41,No,No,Rain,0,2,0,Rain,9,Rainy
2025-09-10,Cabbage,5,29,No,No,Rain,0,2,0,Rain,9,Rainy
2025-09-10,Cauliflower,3,34,No,No,Rain,0,2,0,Rain,9,Rainy
2025-09-10,GreenChilli,7,71,No,No,Rain,0,2,0,Rain,9,Rainy
2025-09-10,LadyFinger,5,36,No,No,Rain,0,2,0,Rain,9,Rainy
2025-09-10,Onion,15,35,No,No,Rain,0,2,0,Rain,9,Rainy
2025-09-10,Potato,7,29,No,No,Rain,0,2,0,Rain,9,Rainy
2025-09-10,Spinach,8,17,No,No,Rain,0,2,0,Rain,9,Rainy
2025-09-10,Tomato,12,44,No,No,Rain,0,2,0,Rain,9,Rainy
2025-09-11,Brinjal,18,41,No,No,Sunny,0,3,0,Sunny,9,Rainy
2025-09-11,Cabbage,8,29,No,No,Sunny,0,3,0,Sunny,9,Rainy
2025-09-11,Capsicum,18,59,No,No,Sunny,0,3,0,Sunny,9,Rainy
2025-09-11,Cauliflower,11,34,No,No,Sunny,0,3,0,Sunny,9,Rainy
2025-09-11,GreenChilli,12,71,No,No,Sunny,0,3,0,Sunny,9,Rainy
2025-09-11,LadyFinger,21,35,No,No,Sunny,0,3,0,Sunny,9,Rainy
2025-09-11,Onion,28,35,No,No,Sunny,0,3,0,Sunny,9,Rainy
2025-09-11,Potato,28,28,No,No,Sunny,0,3,0,Sunny,9,Rainy
2025-09-11,Spinach,26,17,No,No,Sunny,0,3,0,Sunny,9,Rainy
2025-09-11,Tomato,23,46,No,No,,0,3,0,Sunny,9,Rainy
2025-09-12,Brinjal,16,41,No,No,Sunny,0,4,0,Sunny,9,Rainy
2025-09-12,Capsicum,5,56,No,No,Sunny,0,4,0,Sunny,9,Rainy
2025-09-12,Cauliflower,16,35,No,No,Sunny,0,4,0,Sunny,9,Rainy
2025-09-12,GreenChilli,12,66,No,No,Sunny,0,4,0,Sunny,9,Rainy
2025-09-12,LadyFinger,14,34,No,No,Sunny,0,4,0,Sunny,9,Rainy
2025-09-12,Onion,26,33,No,No,Sunny,0,4,0,Sunny,9,Rainy
2025-09-12,Potato,34,28,No,No,Sunny,0,4,0,Sunny,9,Rainy
2025-09-12,Spinach,27,17,No,No,Sunny,0,4,0,Sunny,9,Rainy
2025-09-12,Tomato,23,45,No,No,Sunny,0,4,0,Sunny,9,Rainy
2025-09-13,Brinjal,16,41,No,Yes,Sunny,0,5,1,Sunny,9,Rainy
2025-09-13,Cabbage,35,28,No,Yes,Sunny,0,5,1,Sunny,9,Rainy
2025-09-13,Capsicum,11,57,No,Yes,Sunny,0,5,1,Sunny,9,Rainy
2025-09-13,Cauliflower,14,33,No,Yes,Sunny,0,5,1,Sunny,9,Rainy
2025-09-13,GreenChilli,14,68,No,Yes,Sunny,0,5,1,Sunny,9,Rainy
2025-09-13,LadyFinger,19,34,No,Yes,Sunny,0,5,1,Sunny,9,Rainy
2025-09-13,Onion,30,33,No,Yes,Sunny,0,5,1,Sunny,9,Rainy
2025-09-13,Potato,31,29,No,Yes,Sunny,0,5,1,Sunny,9,Rainy
2025-09-13,Spinach,25,16,No,Yes,Sunny,0,5,1,Sunny,9,Rainy
2025-09-13,Tomato,20,45,No,Yes,Sunny,0,5,1,Sunny,9,Rainy
2025-09-14,Brinjal,44,38,No,Yes,Sunny,0,6,1,Sunny,9,Rainy
2025-09-14,Cabbage,16,27,No,Yes,,0,6,1,Sunny,9,Rainy
2025-09-14,Capsicum,14,59,No,Yes,Sunny,0,6,1,Sunny,9,Rainy
2025-09-14,Cauliflower,26,32,No,Yes,Sunny,0,6,1,Sunny,9,Rainy
2025-09-14,GreenChilli,9,70,No,Yes,Sunny,0,6,1,Sunny,9,Rainy
2025-09-14,LadyFinger,14,33,No,Yes,Sunny,0,6,1,Sunny,9,Rainy
2025-09-14,Onion,28,33,No,Yes,Sunny,0,6,1,Sunny,9,Rainy
2025-09-14,Potato,33,28,No,Yes,Sunny,0,6,1,Sunny,9,Rainy
2025-09-14,Spinach,22,17,No,Yes,Sunny,0,6,1,Sunny,9,Rainy
2025-09-14,Tomato,25,46,No,Yes,Sunny,0,6,1,Sunny,9,Rainy
2025-09-15,Brinjal,12,41,No,No,Sunny,0,0,0,Sunny,9,Rainy
2025-09-15,Cabbage,26,28,No,No,Sunny,0,0,0,Sunny,9,Rainy
2025-09-15,Capsicum,14,54,No,No,Sunny,0,0,0,Sunny,9,Rainy
2025-09-15,Cauliflower,30,35,No,No,Sunny,0,0,0,Sunny,9,Rainy
2025-09-15,GreenChilli,11,65,No,No,Sunny,0,0,0,Sunny,9,Rainy
2025-09-15,LadyFinger,21,34,No,No,Sunny,0,0,0,Sunny,9,Rainy
2025-09-15,Potato,29,29,No,No,Sunny,0,0,0,Sunny,9,Rainy
2025-09-15,Spinach,21,18,No,No,Sunny,0,0,0,Sunny,9,Rainy
2025-09-15,Tomato,21,46,No,No,Sunny,0,0,0,Sunny,9,Rainy
2025-09-16,Brinjal,10,38,No,No,Sunny,0,1,0,Sunny,9,Rainy
2025-09-16,Cabbage,17,27,No,No,Sunny,0,1,0,Sunny,9,Rainy
2025-09-16,Capsicum,19,59,No,No,Sunny,0,1,0,Sunny,9,Rainy
2025-09-16,Cauliflower,12,34,No,No,Sunny,0,1,0,Sunny,9,Rainy
2025-09-16,GreenChilli,12,70,No,No,Sunny,0,1,0,Sunny,9,Rainy
2025-09-16,LadyFinger,20,34,No,No,Sunny,0,1,0,Sunny,9,Rainy
2025-09-16,Onion,21,34,Maybe,No,,0,1,0,Sunny,9,Rainy
2025-09-16,Potato,35,29,No,No,Sunny,0,1,0,Sunny,9,Rainy
2025-09-16,Spinach,19,17,No,No,Sunny,0,1,0,Sunny,9,Rainy
2025-09-16,Tomato,19,45,No,No,Sunny,0,1,0,Sunny,9,Rainy
2025-09-17,Brinjal,18,39,No,No,Sunny,0,2,0,Sunny,9,Rainy
2025-09-17,Cabbage,10,27,No,No,Sunny,0,2,0,Sunny,9,Rainy
2025-09-17,Capsicum,13,57,No,No,Sunny,0,2,0,Sunny,9,Rainy
2025-09-17,Cauliflower,20,35,No,No,Sunny,0,2,0,Sunny,9,Rainy
2025-09-17,GreenChilli,13,67,No,No,Storm,0,2,0,Sunny,9,Rainy
2025-09-17,LadyFinger,18,34,No,No,Storm,0,2,0,Sunny,9,Rainy
2025-09-17,Onion,23,34,No,No,Sunny,0,2,0,Sunny,9,Rainy
2025-09-17,Potato,33,27,No,No,Sunny,0,2,0,Sunny,9,Rainy
2025-09-17,Tomato,19,45,No,No,Sunny,0,2,0,Sunny,9,Rainy
2025-09-18,Brinjal,17,40,No,No,Sunny,0,3,0,Sunny,9,Rainy
2025-09-18,Cabbage,12,28,No,No,Sunny,0,3,0,Sunny,9,Rainy
2025-09-18,Capsicum,14,59,No,No,Sunny,0,3,0,Sunny,9,Rainy
2025-09-18,Cauliflower,16,35,No,No,,0,3,0,Sunny,9,Rainy
2025-09-18,GreenChilli,1,70,No,No,Sunny,0,3,0,Sunny,9,Rainy
2025-09-18,LadyFinger,13,35,No,No,Sunny,0,3,0,Sunny,9,Rainy
2025-09-18,Onion,20,34,No,No,Sunny,0,3,0,Sunny,9,Rainy
2025-09-18,Potato,29,29,No,No,Sunny,0,3,0,Sunny,9,Rainy
2025-09-18,Spinach,22,16,No,No,Sunny,0,3,0,Sunny,9,Rainy
2025-09-18,Tomato,26,44,No,No,Sunny,0,3,0,Sunny,9,Rainy
2025-09-19,Brinjal,17,41,No,No,Sunny,0,4,0,Sunny,9,Rainy
2025-09-19,Cabbage,17,28,No,No,Sunny,0,4,0,Sunny,9,Rainy
2025-09-19,Capsicum,11,58,No,No,Sunny,0,4,0,Sunny,9,Rainy
2025-09-19,Cauliflower,18,32,No,No,Sunny,0,4,0,Sunny,9,Rainy
2025-09-19,GreenChilli,7,68,No,No,Sunny,0,4,0,Sunny,9,Rainy
2025-09-19,LadyFinger,19,33,No,No,Sunny,0,4,0,Sunny,9,Rainy
2025-09-19,Onion,22,33,No,No,Sunny,0,4,0,Sunny,9,Rainy
2025-09-19,Potato,30,27,No,No,Sunny,0,4,0,Sunny,9,Rainy
2025-09-19,Spinach,17,17,No,No,Sunny,0,4,0,Sunny,9,Rainy
2025-09-19,Tomato,24,46,No,No,Sunny,0,4,0,Sunny,9,Rainy
2025-09-20,Brinjal,18,41,No,Yes,Sunny,0,5,1,Sunny,9,Rainy
2025-09-20,Cabbage,19,29,No,Yes,Sunny,0,5,1,Sunny,9,Rainy
2025-09-20,Capsicum,14,58,No,Yes,Sunny,0,5,1,Sunny,9,Rainy
2025-09-20,Cauliflower,19,34,No,Yes,Sunny,0,5,1,Sunny,9,Rainy
2025-09-20,GreenChilli,12,67,No,Yes,Sunny,0,5,1,Sunny,9,Rainy
2025-09-20,LadyFinger,23,33,No,Yes,Sunny,0,5,1,Sunny,9,Rainy
2025-09-20,Onion,22,33,No,Yes,Sunny,0,5,1,Sunny,9,Rainy
2025-09-20,Potato,29,27,No,Yes,Sunny,0,5,1,Sunny,9,Rainy
2025-09-20,Spinach,22,17,No,Yes,Sunny,0,5,1,Sunny,9,Rainy
2025-09-20,Tomato,23,47,No,Yes,Sunny,0,5,1,Sunny,9,Rainy
2025-09-21,Brinjal,21,41,No,Yes,Cloudy,0,6,1,Cloudy,9,Rainy
2025-09-21,Cabbage,20,27,No,Yes,Cloudy,0,6,1,Cloudy,9,Rainy
2025-09-21,Capsicum,12,56,No,Yes,Cloudy,0,6,1,Cloudy,9,Rainy
2025-09-21,Cauliflower,10,33,No,Yes,Cloudy,0,6,1,Cloudy,9,Rainy
2025-09-21,GreenChilli,11,72,No,Yes,Cloudy,0,6,1,Cloudy,9,Rainy
2025-09-21,LadyFinger,19,33,No,Yes,Cloudy,0,6,1,Cloudy,9,Rainy
2025-09-21,Onion,31,32,No,Yes,Cloudy,0,6,1,Cloudy,9,Rainy
2025-09-21,Potato,33,27,No,Yes,Cloudy,0,6,1,Cloudy,9,Rainy
2025-09-21,Spinach,13,17,No,Yes,Cloudy,0,6,1,Cloudy,9,Rainy
2025-09-21,Tomato,20,45,No,Yes,Cloudy,0,6,1,Cloudy,9,Rainy
2025-09-22,Brinjal,13,39,No,No,Sunny,0,0,0,Sunny,9,Rainy
2025-09-22,Cabbage,15,28,No,No,Sunny,0,0,0,Sunny,9,Rainy
2025-09-22,Capsicum,11,59,No,No,Sunny,0,0,0,Sunny,9,Rainy
2025-09-22,Cauliflower,19,33,No,No,Sunny,0,0,0,Sunny,9,Rainy
2025-09-22,GreenChilli,6,72,No,No,Sunny,0,0,0,Sunny,9,Rainy
2025-09-22,LadyFinger,22,34,No,No,Sunny,0,0,0,Sunny,9,Rainy
2025-09-22,Onion,20,35,No,No,Sunny,0,0,0,Sunny,9,Rainy
2025-09-22,Potato,22,28,No,No,Sunny,0,0,0,Sunny,9,Rainy
2025-09-22,Spinach,15,17,No,No,Sunny,0,0,0,Sunny,9,Rainy
2025-09-22,Tomato,24,47,No,No,Sunny,0,0,0,Sunny,9,Rainy
2025-09-23,Brinjal,25,50,Yes,No,Cloudy,1,1,0,Cloudy,9,Rainy
2025-09-23,Cabbage,29,35,Yes,No,Cloudy,1,1,0,Cloudy,9,Rainy
2025-09-23,Capsicum,22,69,Yes,No,Cloudy,1,1,0,Cloudy,9,Rainy
2025-09-23,Cauliflower,21,42,Yes,No,Cloudy,1,1,0,Cloudy,9,Rainy
2025-09-23,GreenChilli,18,87,Yes,No,Cloudy,1,1,0,Cloudy,9,Rainy
2025-09-23,LadyFinger,29,43,Yes,No,Cloudy,1,1,0,Cloudy,9,Rainy
2025-09-23,Onion,36,43,Yes,No,Cloudy,1,1,0,Cloudy,9,Rainy
2025-09-23,Potato,48,35,Yes,No,Cloudy,1,1,0,Cloudy,9,Rainy
2025-09-23,Spinach,33,20,Yes,No,Cloudy,1,1,0,Cloudy,9,Rainy
2025-09-23,Tomato,34,59,Yes,No,Cloudy,1,1,0,Cloudy,9,Rainy
2025-09-24,Brinjal,16,39,No,No,Sunny,0,2,0,Sunny,9,Rainy
2025-09-24,Cabbage,17,27,No,No,Sunny,0,2,0,Sunny,9,Rainy
2025-09-24,Capsicum,15,57,No,No,Sunny,0,2,0,Sunny,9,Rainy
2025-09-24,Cauliflower,16,34,Maybe,No,Sunny,0,2,0,Sunny,9,Rainy
2025-09-24,GreenChilli,6,66,No,No,Sunny,0,2,0,Sunny,9,Rainy
2025-09-24,LadyFinger,22,35,No,No,Sunny,0,2,0,Sunny,9,Rainy
2025-09-24,Onion,28,35,No,No,Sunny,0,2,0,Sunny,9,Rainy
2025-09-24,Potato,27,28,No,No,Sunny,0,2,0,Sunny,9,Rainy
2025-09-24,Spinach,37,16,No,No,Sunny,0,2,0,Sunny,9,Rainy
2025-09-24,Tomato,29,43,No,No,Sunny,0,2,0,Sunny,9,Rainy
2025-09-25,Brinjal,15,41,No,No,Sunny,0,3,0,Sunny,9,Rainy
2025-09-25,Cabbage,26,29,No,No,Sunny,0,3,0,Sunny,9,Rainy
2025-09-25,Capsicum,5,56,No,No,Sunny,0,3,0,Sunny,9,Rainy
2025-09-25,Cauliflower,13,33,No,No,Sunny,0,3,0,Sunny,9,Rainy
2025-09-25,GreenChilli,11,69,No,No,Sunny,0,3,0,Sunny,9,Rainy
2025-09-25,LadyFinger,24,32,No,No,Sunny,0,3,0,Sunny,9,Rainy
2025-09-25,Onion,25,33,No,No,Sunny,0,3,0,Sunny,9,Rainy
2025-09-25,Potato,31,30,No,No,Sunny,0,3,0,Sunny,9,Rainy
2025-09-25,Spinach,21,18,No,No,Sunny,0,3,0,Sunny,9,Rainy
2025-09-25,Tomato,21,45,No,No,Sunny,0,3,0,Sunny,9,Rainy
2025-09-26,Brinjal,16,39,No,No,,0,4,0,Sunny,9,Rainy
2025-09-26,Cabbage,12,27,No,No,Sunny,0,4,0,Sunny,9,Rainy
2025-09-26,Capsicum,17,55,No,No,Sunny,0,4,0,Sunny,9,Rainy
2025-09-26,Cauliflower,11,34,No,No,Sunny,0,4,0,Sunny,9,Rainy
2025-09-26,GreenChilli,14,71,No,No,Sunny,0,4,0,Sunny,9,Rainy
2025-09-26,LadyFinger,17,34,No,No,Sunny,0,4,0,Sunny,9,Rainy
2025-09-26,Onion,23,33,No,No,Sunny,0,4,0,Sunny,9,Rainy
2025-09-26,Potato,19,29,No,No,,0,4,0,Sunny,9,Rainy
2025-09-26,Spinach,15,17,No,No,Sunny,0,4,0,Sunny,9,Rainy
2025-09-26,Tomato,28,44,No,No,Sunny,0,4,0,Sunny,9,Rainy
2025-09-27,Brinjal,18,40,No,Yes,Cloudy,0,5,1,Cloudy,9,Rainy
2025-09-27,Cabbage,14,28,Maybe,Yes,Cloudy,0,5,1,Cloudy,9,Rainy
2025-09-27,Capsicum,19,54,No,Yes,Cloudy,0,5,1,Cloudy,9,Rainy
2025-09-27,Cauliflower,12,35,No,Yes,Cloudy,0,5,1,Cloudy,9,Rainy
2025-09-27,GreenChilli,9,66,No,Yes,Cloudy,0,5,1,Cloudy,9,Rainy
2025-09-27,LadyFinger,22,35,No,Yes,Cloudy,0,5,1,Cloudy,9,Rainy
2025-09-27,Onion,22,34,No,Yes,Cloudy,0,5,1,Cloudy,9,Rainy
2025-09-27,Potato,32,29,No,Yes,Cloudy,0,5,1,Cloudy,9,Rainy
2025-09-27,Spinach,18,17,No,Yes,Cloudy,0,5,1,Cloudy,9,Rainy
2025-09-27,Tomato,22,45,No,Yes,Cloudy,0,5,1,Cloudy,9,Rainy
2025-09-28,Brinjal,17,40,No,Yes,Sunny,0,6,1,Sunny,9,Rainy
2025-09-28,Cabbage,17,28,No,Yes,Sunny,0,6,1,Sunny,9,Rainy
2025-09-28,Capsicum,33,56,No,Yes,Sunny,0,6,1,Sunny,9,Rainy
2025-09-28,Cauliflower,15,34,No,Yes,Sunny,0,6,1,Sunny,9,Rainy
2025-09-28,GreenChilli,11,70,No,Yes,Sunny,0,6,1,Sunny,9,Rainy
2025-09-28,LadyFinger,25,36,Maybe,Yes,Sunny,0,6,1,Sunny,9,Rainy
2025-09-28,Onion,27,34,No,Yes,Sunny,0,6,1,Sunny,9,Rainy
2025-09-28,Potato,31,27,No,Yes,Sunny,0,6,1,Sunny,9,Rainy
2025-09-28,Spinach,25,17,No,Yes,Sunny,0,6,1,Sunny,9,Rainy
2025-09-28,Tomato,30,47,No,Yes,Sunny,0,6,1,Sunny,9,Rainy
2025-09-29,Brinjal,17,40,No,No,Cloudy,0,0,0,Cloudy,9,Rainy
2025-09-29,Cabbage,16,27,No,No,,0,0,0,Sunny,9,Rainy
2025-09-29,Capsicum,17,55,No,No,Cloudy,0,0,0,Cloudy,9,Rainy
2025-09-29,Cauliflower,30,32,No,No,Cloudy,0,0,0,Cloudy,9,Rainy
2025-09-29,GreenChilli,10,72,No,No,Cloudy,0,0,0,Cloudy,9,Rainy
2025-09-29,LadyFinger,20,34,No,No,Cloudy,0,0,0,Cloudy,9,Rainy
2025-09-29,Onion,20,36,No,No,Cloudy,0,0,0,Cloudy,9,Rainy
2025-09-29,Potato,31,27,No,No,Cloudy,0,0,0,Cloudy,9,Rainy
2025-09-29,Spinach,21,17,No,No,Cloudy,0,0,0,Cloudy,9,Rainy
2025-09-29,Tomato,20,47,No,No,Cloudy,0,0,0,Cloudy,9,Rainy
2025-09-30,Brinjal,20,40,No,No,Sunny,0,1,0,Sunny,9,Rainy
2025-09-30,Cabbage,16,27,No,No,Sunny,0,1,0,Sunny,9,Rainy
2025-09-30,Capsicum,17,54,No,No,Sunny,0,1,0,Sunny,9,Rainy
2025-09-30,Cauliflower,11,34,No,No,Sunny,0,1,0,Sunny,9,Rainy
2025-09-30,GreenChilli,10,68,No,No,Sunny,0,1,0,Sunny,9,Rainy
2025-09-30,LadyFinger,20,33,No,No,Sunny,0,1,0,Sunny,9,Rainy
2025-09-30,Potato,26,29,No,No,Sunny,0,1,0,Sunny,9,Rainy
2025-09-30,Spinach,36,17,No,No,Sunny,0,1,0,Sunny,9,Rainy
2025-09-30,Tomato,20,43,No,No,Sunny,0,1,0,Sunny,9,Rainy
2025-10-01,Brinjal,18,40,No,No,Sunny,0,2,0,Sunny,10,Transition
2025-10-01,Cabbage,31,29,No,No,Sunny,0,2,0,Sunny,10,Transition
2025-10-01,Capsicum,16,58,No,No,Sunny,0,2,0,Sunny,10,Transition
2025-10-01,Cauliflower,17,34,No,No,Sunny,0,2,0,Sunny,10,Transition
2025-10-01,GreenChilli,11,68,Maybe,No,Sunny,0,2,0,Sunny,10,Transition
2025-10-01,Onion,25,34,No,No,Sunny,0,2,0,Sunny,10,Transition
2025-10-01,Potato,25,28,No,No,Sunny,0,2,0,Sunny,10,Transition
2025-10-01,Spinach,20,16,No,No,Sunny,0,2,0,Sunny,10,Transition
2025-10-01,Tomato,25,47,No,No,Sunny,0,2,0,Sunny,10,Transition
2025-10-02,Brinjal,30,50,Yes,No,Sunny,1,3,0,Sunny,10,Transition
2025-10-02,Cabbage,30,36,Yes,No,Sunny,1,3,0,Sunny,10,Transition
2025-10-02,Capsicum,22,72,Yes,No,Sunny,1,3,0,Sunny,10,Transition
2025-10-02,Cauliflower,22,42,Yes,No,Sunny,1,3,0,Sunny,10,Transition
2025-10-02,GreenChilli,11,87,Yes,No,Sunny,1,3,0,Sunny,10,Transition
2025-10-02,LadyFinger,34,43,Yes,No,Sunny,1,3,0,Sunny,10,Transition
2025-10-02,Onion,42,43,Yes,No,Sunny,1,3,0,Sunny,10,Transition
2025-10-02,Potato,49,34,Yes,No,Sunny,1,3,0,Sunny,10,Transition
2025-10-02,Spinach,31,22,Yes,No,Sunny,1,3,0,Sunny,10,Transition
2025-10-02,Tomato,40,55,Yes,No,Sunny,1,3,0,Sunny,10,Transition
2025-10-03,Brinjal,16,41,No,No,Cloudy,0,4,0,Cloudy,10,Transition
2025-10-03,Cabbage,14,28,No,No,Cloudy,0,4,0,Cloudy,10,Transition
2025-10-03,Capsicum,16,59,No,No,,0,4,0,Sunny,10,Transition
2025-10-03,Cauliflower,11,33,No,No,Cloudy,0,4,0,Cloudy,10,Transition
2025-10-03,GreenChilli,7,66,No,No,Cloudy,0,4,0,Cloudy,10,Transition
2025-10-03,LadyFinger,17,34,No,No,Cloudy,0,4,0,Cloudy,10,Transition
2025-10-03,Onion,25,33,No,No,Cloudy,0,4,0,Cloudy,10,Transition
2025-10-03,Potato,26,27,No,No,Cloudy,0,4,0,Cloudy,10,Transition
2025-10-03,Spinach,20,17,No,No,Cloudy,0,4,0,Cloudy,10,Transition
2025-10-03,Tomato,24,43,No,No,Cloudy,0,4,0,Cloudy,10,Transition
2025-10-04,Brinjal,16,39,No,Yes,Cloudy,0,5,1,Cloudy,10,Transition
2025-10-04,Cabbage,20,29,No,Yes,Cloudy,0,5,1,Cloudy,10,Transition
2025-10-04,Capsicum,14,58,No,Yes,Cloudy,0,5,1,Cloudy,10,Transition
2025-10-04,Cauliflower,17,33,No,Yes,Cloudy,0,5,1,Cloudy,10,Transition
2025-10-04,GreenChilli,8,69,No,Yes,Cloudy,0,5,1,Cloudy,10,Transition
2025-10-04,LadyFinger,17,34,No,Yes,Cloudy,0,5,1,Cloudy,10,Transition
2025-10-04,Onion,25,33,No,Yes,Cloudy,0,5,1,Cloudy,10,Transition
2025-10-04,Potato,28,27,No,Yes,Cloudy,0,5,1,Cloudy,10,Transition
2025-10-04,Spinach,20,17,No,Yes,Cloudy,0,5,1,Cloudy,10,Transition
2025-10-04,Tomato,26,46,No,Yes,Cloudy,0,5,1,Cloudy,10,Transition
2025-10-05,Brinjal,19,42,No,Yes,Sunny,0,6,1,Sunny,10,Transition
2025-10-05,Cabbage,14,27,No,Yes,Sunny,0,6,1,Sunny,10,Transition
2025-10-05,Capsicum,17,57,No,Yes,Sunny,0,6,1,Sunny,10,Transition
2025-10-05,Cauliflower,16,33,No,Yes,Sunny,0,6,1,Sunny,10,Transition
2025-10-05,GreenChilli,13,68,No,Yes,Sunny,0,6,1,Sunny,10,Transition
2025-10-05,LadyFinger,25,35,No,Yes,Sunny,0,6,1,Sunny,10,Transition
2025-10-05,Onion,26,35,No,Yes,Sunny,0,6,1,Sunny,10,Transition
2025-10-05,Potato,34,29,No,Yes,Sunny,0,6,1,Sunny,10,Transition
2025-10-05,Spinach,24,16,No,Yes,Sunny,0,6,1,Sunny,10,Transition
2025-10-06,Brinjal,17,38,No,No,,0,0,0,Sunny,10,Transition
2025-10-06,Cabbage,13,29,No,No,Sunny,0,0,0,Sunny,10,Transition
2025-10-06,Capsicum,9,56,No,No,Sunny,0,0,0,Sunny,10,Transition
2025-10-06,Cauliflower,15,34,No,No,Sunny,0,0,0,Sunny,10,Transition
2025-10-06,GreenChilli,13,70,No,No,Sunny,0,0,0,Sunny,10,Transition
2025-10-06,LadyFinger,16,33,No,No,Sunny,0,0,0,Sunny,10,Transition
2025-10-06,Onion,24,35,No,No,Sunny,0,0,0,Sunny,10,Transition
2025-10-06,Potato,26,28,No,No,Sunny,0,0,0,Sunny,10,Transition
2025-10-06,Spinach,22,17,No,No,Sunny,0,0,0,Sunny,10,Transition
2025-10-06,Tomato,27,45,No,No,Sunny,0,0,0,Sunny,10,Transition
2025-10-07,Brinjal,13,38,No,No,Cloudy,0,1,0,Cloudy,10,Transition
2025-10-07,Cabbage,8,28,No,No,Cloudy,0,1,0,Cloudy,10,Transition
2025-10-07,Capsicum,10,58,No,No,Cloudy,0,1,0,Cloudy,10,Transition
2025-10-07,Cauliflower,9,35,No,No,Cloudy,0,1,0,Cloudy,10,Transition
2025-10-07,GreenChilli,8,71,No,No,Cloudy,0,1,0,Cloudy,10,Transition
2025-10-07,LadyFinger,19,34,No,No,Cloudy,0,1,0,Cloudy,10,Transition
2025-10-07,Onion,24,32,No,No,Cloudy,0,1,0,Cloudy,10,Transition
2025-10-07,Potato,27,29,No,No,Cloudy,0,1,0,Cloudy,10,Transition
2025-10-07,Spinach,22,17,No,No,Cloudy,0,1,0,Cloudy,10,Transition
2025-10-07,Tomato,17,45,No,No,Cloudy,0,1,0,Cloudy,10,Transition
2025-10-08,Brinjal,20,38,No,No,,0,2,0,Sunny,10,Transition
2025-10-08,Cabbage,12,28,No,No,Sunny,0,2,0,Sunny,10,Transition
2025-10-08,Capsicum,18,55,No,No,Storm,0,2,0,Sunny,10,Transition
2025-10-08,Cauliflower,10,34,No,No,Sunny,0,2,0,Sunny,10,Transition
2025-10-08,GreenChilli,11,68,No,No,Sunny,0,2,0,Sunny,10,Transition
2025-10-08,LadyFinger,13,35,No,No,Sunny,0,2,0,Sunny,10,Transition
2025-10-08,Onion,25,33,No,No,Sunny,0,2,0,Sunny,10,Transition
2025-10-08,Potato,29,30,No,No,Sunny,0,2,0,Sunny,10,Transition
2025-10-08,Spinach,14,17,No,No,Sunny,0,2,0,Sunny,10,Transition
2025-10-08,Tomato,23,47,No,No,Sunny,0,2,0,Sunny,10,Transition
2025-10-09,Brinjal,18,40,No,No,Sunny,0,3,0,Sunny,10,Transition
2025-10-09,Cabbage,13,28,No,No,Sunny,0,3,0,Sunny,10,Transition
2025-10-09,Capsicum,12,57,No,No,Sunny,0,3,0,Sunny,10,Transition
2025-10-09,Cauliflower,10,33,No,No,,0,3,0,Sunny,10,Transition
2025-10-09,GreenChilli,9,70,No,No,Sunny,0,3,0,Sunny,10,Transition
2025-10-09,LadyFinger,17,34,No,No,Sunny,0,3,0,Sunny,10,Transition
2025-10-09,Onion,26,34,No,No,Sunny,0,3,0,Sunny,10,Transition
2025-10-09,Potato,27,27,No,No,Sunny,0,3,0,Sunny,10,Transition
2025-10-09,Spinach,19,16,No,No,Sunny,0,3,0,Sunny,10,Transition
2025-10-09,Tomato,22,46,No,No,Sunny,0,3,0,Sunny,10,Transition
2025-10-10,Brinjal,13,40,No,No,Sunny,0,4,0,Sunny,10,Transition
2025-10-10,Cabbage,15,28,No,No,Sunny,0,4,0,Sunny,10,Transition
2025-10-10,Capsicum,13,57,No,No,Sunny,0,4,0,Sunny,10,Transition
2025-10-10,Cauliflower,14,34,No,No,Sunny,0,4,0,Sunny,10,Transition
2025-10-10,LadyFinger,21,35,No,No,,0,4,0,Sunny,10,Transition
2025-10-10,Onion,27,35,No,No,Sunny,0,4,0,Sunny,10,Transition
2025-10-10,Potato,26,27,No,No,Sunny,0,4,0,Sunny,10,Transition
2025-10-10,Spinach,17,17,No,No,Sunny,0,4,0,Sunny,10,Transition
2025-10-10,Tomato,17,47,No,No,Sunny,0,4,0,Sunny,10,Transition
2025-10-11,Brinjal,18,41,No,Yes,Sunny,0,5,1,Sunny,10,Transition
2025-10-11,Cabbage,16,30,No,Yes,Sunny,0,5,1,Sunny,10,Transition
2025-10-11,Capsicum,19,59,No,Yes,Sunny,0,5,1,Sunny,10,Transition
2025-10-11,Cauliflower,24,34,No,Yes,Sunny,0,5,1,Sunny,10,Transition
2025-10-11,GreenChilli,15,72,No,Yes,Sunny,0,5,1,Sunny,10,Transition
2025-10-11,LadyFinger,16,34,No,Yes,Sunny,0,5,1,Sunny,10,Transition
2025-10-11,Onion,26,34,No,Yes,Sunny,0,5,1,Sunny,10,Transition
2025-10-11,Potato,27,29,No,Yes,Sunny,0,5,1,Sunny,10,Transition
2025-10-11,Spinach,22,17,No,Yes,Sunny,0,5,1,Sunny,10,Transition
2025-10-11,Tomato,28,44,No,Yes,Sunny,0,5,1,Sunny,10,Transition
2025-10-12,Brinjal,18,40,No,Yes,,0,6,1,Sunny,10,Transition
2025-10-12,Cabbage,18,28,No,Yes,Sunny,0,6,1,Sunny,10,Transition
2025-10-12,Capsicum,14,58,No,Yes,Sunny,0,6,1,Sunny,10,Transition
2025-10-12,Cauliflower,18,34,No,Yes,Sunny,0,6,1,Sunny,10,Transition
2025-10-12,GreenChilli,12,68,No,Yes,Sunny,0,6,1,Sunny,10,Transition
2025-10-12,LadyFinger,23,32,No,Yes,Sunny,0,6,1,Sunny,10,Transition
2025-10-12,Onion,22,33,No,Yes,Sunny,0,6,1,Sunny,10,Transition
2025-10-12,Potato,33,27,No,Yes,Sunny,0,6,1,Sunny,10,Transition
2025-10-12,Spinach,19,17,No,Yes,Sunny,0,6,1,Sunny,10,Transition
2025-10-12,Tomato,27,44,No,Yes,Sunny,0,6,1,Sunny,10,Transition
2025-10-13,Brinjal,30,50,Yes,No,Cloudy,1,0,0,Cloudy,10,Transition
2025-10-13,Cabbage,27,36,Yes,No,Cloudy,1,0,0,Cloudy,10,Transition
2025-10-13,Capsicum,24,74,Yes,No,Cloudy,1,0,0,Cloudy,10,Transition
2025-10-13,Cauliflower,22,43,Yes,No,Cloudy,1,0,0,Cloudy,10,Transition
2025-10-13,GreenChilli,17,69,Yes,No,Cloudy,1,0,0,Cloudy,10,Transition
2025-10-13,LadyFinger,29,44,Yes,No,Cloudy,1,0,0,Cloudy,10,Transition
2025-10-13,Onion,39,44,Yes,No,Cloudy,1,0,0,Cloudy,10,Transition
2025-10-13,Potato,43,37,Yes,No,Cloudy,1,0,0,Cloudy,10,Transition
2025-10-13,Spinach,33,21,Yes,No,Cloudy,1,0,0,Cloudy,10,Transition
2025-10-13,Tomato,41,56,Yes,No,Cloudy,1,0,0,Cloudy,10,Transition
2025-10-14,Brinjal,22,40,No,No,Sunny,0,1,0,Sunny,10,Transition
2025-10-14,Cabbage,14,28,No,No,Sunny,0,1,0,Sunny,10,Transition
2025-10-14,Capsicum,12,58,No,No,Sunny,0,1,0,Sunny,10,Transition
2025-10-14,Cauliflower,21,35,No,No,Sunny,0,1,0,Sunny,10,Transition
2025-10-14,GreenChilli,11,68,No,No,Sunny,0,1,0,Sunny,10,Transition
2025-10-14,LadyFinger,20,35,No,No,Sunny,0,1,0,Sunny,10,Transition
2025-10-14,Onion,22,34,No,No,Sunny,0,1,0,Sunny,10,Transition
2025-10-14,Potato,22,29,No,No,Sunny,0,1,0,Sunny,10,Transition
2025-10-14,Spinach,20,17,No,No,Sunny,0,1,0,Sunny,10,Transition
2025-10-14,Tomato,25,45,No,No,Sunny,0,1,0,Sunny,10,Transition
2025-10-15,Brinjal,17,41,No,No,Rain,0,2,0,Rain,10,Transition
2025-10-15,Capsicum,2,58,No,No,Rain,0,2,0,Rain,10,Transition
2025-10-15,Cauliflower,8,35,No,No,Rain,0,2,0,Rain,10,Transition
2025-10-15,GreenChilli,4,69,No,No,Rain,0,2,0,Rain,10,Transition
2025-10-15,LadyFinger,3,33,No,No,Rain,0,2,0,Rain,10,Transition
2025-10-15,Onion,26,34,No,No,Rain,0,2,0,Rain,10,Transition
2025-10-15,Potato,7,27,No,No,Rain,0,2,0,Rain,10,Transition
2025-10-15,Spinach,11,17,No,No,Rain,0,2,0,Rain,10,Transition
2025-10-15,Tomato,8,44,No,No,Rain,0,2,0,Rain,10,Transition
2025-10-16,Brinjal,32,50,Yes,No,Sunny,1,3,0,Sunny,10,Transition
2025-10-16,Cabbage,29,36,Yes,No,Sunny,1,3,0,Sunny,10,Transition
2025-10-16,Capsicum,21,57,Yes,No,Sunny,1,3,0,Sunny,10,Transition
2025-10-16,Cauliflower,24,43,Yes,No,Sunny,1,3,0,Sunny,10,Transition
2025-10-16,GreenChilli,19,86,Yes,No,Sunny,1,3,0,Sunny,10,Transition
2025-10-16,LadyFinger,1,44,Yes,No,Sunny,1,3,0,Sunny,10,Transition
2025-10-16,Onion,39,42,Yes,No,Sunny,1,3,0,Sunny,10,Transition
2025-10-16,Potato,53,36,Yes,No,Sunny,1,3,0,Sunny,10,Transition
2025-10-16,Spinach,35,20,Yes,No,Sunny,1,3,0,Sunny,10,Transition
2025-10-16,Tomato,43,55,Yes,No,Sunny,1,3,0,Sunny,10,Transition
2025-10-17,Brinjal,13,39,No,No,Sunny,0,4,0,Sunny,10,Transition
2025-10-17,Cabbage,18,29,No,No,Sunny,0,4,0,Sunny,10,Transition
2025-10-17,Capsicum,13,58,No,No,Sunny,0,4,0,Sunny,10,Transition
2025-10-17,Cauliflower,9,34,No,No,Sunny,0,4,0,Sunny,10,Transition
2025-10-17,GreenChilli,6,68,No,No,Sunny,0,4,0,Sunny,10,Transition
2025-10-17,LadyFinger,20,34,No,No,Sunny,0,4,0,Sunny,10,Transition
2025-10-17,Onion,26,33,No,No,Storm,0,4,0,Sunny,10,Transition
2025-10-17,Potato,26,28,No,No,Sunny,0,4,0,Sunny,10,Transition
2025-10-17,Tomato,17,45,No,No,Sunny,0,4,0,Sunny,10,Transition
2025-10-18,Brinjal,15,39,No,Yes,Sunny,0,5,1,Sunny,10,Transition
2025-10-18,Cabbage,14,28,No,Yes,Sunny,0,5,1,Sunny,10,Transition
2025-10-18,Capsicum,15,54,No,Yes,,0,5,1,Sunny,10,Transition
2025-10-18,Cauliflower,16,35,No,Yes,Sunny,0,5,1,Sunny,10,Transition
2025-10-18,GreenChilli,8,69,No,Yes,Sunny,0,5,1,Sunny,10,Transition
2025-10-18,LadyFinger,18,33,No,Yes,Sunny,0,5,1,Sunny,10,Transition
2025-10-18,Onion,29,35,No,Yes,Sunny,0,5,1,Sunny,10,Transition
2025-10-18,Potato,25,28,No,Yes,Sunny,0,5,1,Sunny,10,Transition
2025-10-18,Tomato,24,46,No,Yes,Sunny,0,5,1,Sunny,10,Transition
2025-10-19,Brinjal,17,41,No,Yes,Sunny,0,6,1,Sunny,10,Transition
2025-10-19,Cabbage,36,27,No,Yes,Sunny,0,6,1,Sunny,10,Transition
2025-10-19,Capsicum,11,55,No,Yes,Sunny,0,6,1,Sunny,10,Transition
2025-10-19,Cauliflower,13,35,No,Yes,Sunny,0,6,1,Sunny,10,Transition
2025-10-19,GreenChilli,24,68,No,Yes,,0,6,1,Sunny,10,Transition
2025-10-19,LadyFinger,0,33,No,Yes,Sunny,0,6,1,Sunny,10,Transition
2025-10-19,Onion,24,34,No,Yes,Sunny,0,6,1,Sunny,10,Transition
2025-10-19,Potato,35,27,No,Yes,Sunny,0,6,1,Sunny,10,Transition
2025-10-19,Spinach,19,17,No,Yes,Sunny,0,6,1,Sunny,10,Transition
2025-10-19,Tomato,21,45,No,Yes,Sunny,0,6,1,Sunny,10,Transition
2025-10-20,Brinjal,8,38,No,No,Rain,0,0,0,Rain,10,Transition
2025-10-20,Cabbage,2,28,No,No,Rain,0,0,0,Rain,10,Transition
2025-10-20,Capsicum,10,54,No,No,Rain,0,0,0,Rain,10,Transition
2025-10-20,Cauliflower,1,35,No,No,Rain,0,0,0,Rain,10,Transition
2025-10-20,GreenChilli,1,67,No,No,Rain,0,0,0,Rain,10,Transition
2025-10-20,LadyFinger,7,33,No,No,Rain,0,0,0,Rain,10,Transition
2025-10-20,Onion,11,36,No,No,Rain,0,0,0,Rain,10,Transition
2025-10-20,Potato,6,28,No,No,Rain,0,0,0,Rain,10,Transition
2025-10-20,Spinach,10,17,No,No,Rain,0,0,0,Rain,10,Transition
2025-10-20,Tomato,7,47,No,No,Rain,0,0,0,Rain,10,Transition
2025-10-21,Brinjal,18,40,No,No,Sunny,0,1,0,Sunny,10,Transition
2025-10-21,Cabbage,13,27,No,No,Sunny,0,1,0,Sunny,10,Transition
2025-10-21,Capsicum,18,54,No,No,Sunny,0,1,0,Sunny,10,Transition
2025-10-21,Cauliflower,13,33,No,No,Sunny,0,1,0,Sunny,10,Transition
2025-10-21,GreenChilli,13,70,No,No,Sunny,0,1,0,Sunny,10,Transition
2025-10-21,LadyFinger,19,33,No,No,Sunny,0,1,0,Sunny,10,Transition
2025-10-21,Onion,23,35,No,No,Sunny,0,1,0,Sunny,10,Transition
2025-10-21,Potato,56,29,No,No,Sunny,0,1,0,Sunny,10,Transition
2025-10-21,Spinach,17,17,No,No,Sunny,0,1,0,Sunny,10,Transition
2025-10-21,Tomato,24,46,No,No,Sunny,0,1,0,Sunny,10,Transition
2025-10-22,Brinjal,15,40,No,No,Sunny,0,2,0,Sunny,10,Transition
2025-10-22,Cabbage,13,28,No,No,Sunny,0,2,0,Sunny,10,Transition
2025-10-22,Capsicum,27,59,No,No,Sunny,0,2,0,Sunny,10,Transition
2025-10-22,Cauliflower,9,33,No,No,Sunny,0,2,0,Sunny,10,Transition
2025-10-22,GreenChilli,13,67,No,No,Sunny,0,2,0,Sunny,10,Transition
2025-10-22,LadyFinger,21,34,No,No,Sunny,0,2,0,Sunny,10,Transition
2025-10-22,Onion,22,33,No,No,Sunny,0,2,0,Sunny,10,Transition
2025-10-22,Potato,28,29,No,No,Sunny,0,2,0,Sunny,10,Transition
2025-10-22,Tomato,26,48,No,No,Sunny,0,2,0,Sunny,10,Transition
2025-10-23,Brinjal,6,39,No,No,Rain,0,3,0,Rain,10,Transition
2025-10-23,Cabbage,4,27,No,No,Rain,0,3,0,Rain,10,Transition
2025-10-23,Capsicum,14,57,No,No,Rain,0,3,0,Rain,10,Transition
2025-10-23,Cauliflower,7,34,No,No,Rain,0,3,0,Rain,10,Transition
2025-10-23,GreenChilli,1,70,No,No,Rain,0,3,0,Rain,10,Transition
2025-10-23,LadyFinger,8,34,No,No,Rain,0,3,0,Rain,10,Transition
2025-10-23,Onion,8,33,No,No,Rain,0,3,0,Rain,10,Transition
2025-10-23,Potato,11,29,No,No,Rain,0,3,0,Rain,10,Transition
2025-10-23,Spinach,5,17,No,No,Rain,0,3,0,Rain,10,Transition
2025-10-23,Tomato,2,44,No,No,Rain,0,3,0,Rain,10,Transition
2025-10-24,Brinjal,30,51,Yes,No,Sunny,1,4,0,Sunny,10,Transition
2025-10-24,Cabbage,25,36,Yes,No,Sunny,1,4,0,Sunny,10,Transition
2025-10-24,Capsicum,24,69,Yes,No,Sunny,1,4,0,Sunny,10,Transition
2025-10-24,Cauliflower,25,34,Yes,No,Sunny,1,4,0,Sunny,10,Transition
2025-10-24,GreenChilli,36,89,Yes,No,Sunny,1,4,0,Sunny,10,Transition
2025-10-24,LadyFinger,8,42,Yes,No,Sunny,1,4,0,Sunny,10,Transition
2025-10-24,Potato,49,35,Yes,No,,1,4,0,Sunny,10,Transition
2025-10-24,Spinach,33,20,Yes,No,Sunny,1,4,0,Sunny,10,Transition
2025-10-24,Tomato,4,57,Yes,No,Sunny,1,4,0,Sunny,10,Transition
2025-10-25,Brinjal,14,40,No,Yes,Sunny,0,5,1,Sunny,10,Transition
2025-10-25,Cabbage,15,28,No,Yes,Sunny,0,5,1,Sunny,10,Transition
2025-10-25,Capsicum,20,54,No,Yes,Sunny,0,5,1,Sunny,10,Transition
2025-10-25,Cauliflower,16,34,No,Yes,Sunny,0,5,1,Sunny,10,Transition
2025-10-25,GreenChilli,11,71,No,Yes,Sunny,0,5,1,Sunny,10,Transition
2025-10-25,LadyFinger,19,33,No,Yes,Sunny,0,5,1,Sunny,10,Transition
2025-10-25,Onion,29,34,No,Yes,Storm,0,5,1,Sunny,10,Transition
2025-10-25,Potato,35,27,No,Yes,Sunny,0,5,1,Sunny,10,Transition
2025-10-25,Spinach,23,17,No,Yes,Sunny,0,5,1,Sunny,10,Transition
2025-10-25,Tomato,27,44,No,Yes,Sunny,0,5,1,Sunny,10,Transition
2025-10-26,Brinjal,5,38,No,Yes,Rain,0,6,1,Rain,10,Transition
2025-10-26,Cabbage,9,28,No,Yes,Rain,0,6,1,Rain,10,Transition
2025-10-26,Capsicum,2,54,No,Yes,Rain,0,6,1,Rain,10,Transition
2025-10-26,Cauliflower,5,33,No,Yes,Rain,0,6,1,Rain,10,Transition
2025-10-26,GreenChilli,3,69,No,Yes,Rain,0,6,1,Rain,10,Transition
2025-10-26,LadyFinger,7,34,No,Yes,Rain,0,6,1,Rain,10,Transition
2025-10-26,Onion,9,33,No,Yes,Rain,0,6,1,Rain,10,Transition
2025-10-26,Potato,11,29,No,Yes,Rain,0,6,1,Rain,10,Transition
2025-10-26,Spinach,2,18,No,Yes,Rain,0,6,1,Rain,10,Transition
2025-10-26,Tomato,13,45,No,Yes,Rain,0,6,1,Rain,10,Transition
2025-10-27,Brinjal,7,41,No,No,Rain,0,0,0,Rain,10,Transition
2025-10-27,Cabbage,7,28,No,No,Rain,0,0,0,Rain,10,Transition
2025-10-27,Capsicum,7,58,No,No,Rain,0,0,0,Rain,10,Transition
2025-10-27,Cauliflower,2,35,No,No,Rain,0,0,0,Rain,10,Transition
2025-10-27,GreenChilli,4,69,No,No,Rain,0,0,0,Rain,10,Transition
2025-10-27,LadyFinger,6,35,No,No,Rain,0,0,0,Rain,10,Transition
2025-10-27,Onion,10,35,No,No,Rain,0,0,0,Rain,10,Transition
2025-10-27,Potato,15,27,No,No,Rain,0,0,0,Rain,10,Transition
2025-10-27,Spinach,22,18,No,No,Rain,0,0,0,Rain,10,Transition
2025-10-27,Tomato,8,44,No,No,Rain,0,0,0,Rain,10,Transition
2025-10-28,Brinjal,24,50,Yes,No,Sunny,1,1,0,Sunny,10,Transition
2025-10-28,Cabbage,25,36,Yes,No,Sunny,1,1,0,Sunny,10,Transition
2025-10-28,Capsicum,23,70,Yes,No,Sunny,1,1,0,Sunny,10,Transition
2025-10-28,Cauliflower,27,42,Yes,No,Sunny,1,1,0,Sunny,10,Transition
2025-10-28,GreenChilli,18,86,Yes,No,Sunny,1,1,0,Sunny,10,Transition
2025-10-28,LadyFinger,36,44,Yes,No,Sunny,1,1,0,Sunny,10,Transition
2025-10-28,Onion,43,41,Yes,No,Sunny,1,1,0,Sunny,10,Transition
2025-10-28,Potato,50,35,Yes,No,Sunny,1,1,0,Sunny,10,Transition
2025-10-28,Spinach,22,21,Yes,No,Sunny,1,1,0,Sunny,10,Transition
2025-10-29,Brinjal,30,49,Yes,No,Sunny,1,2,0,Sunny,10,Transition
2025-10-29,Cabbage,29,36,Yes,No,Sunny,1,2,0,Sunny,10,Transition
2025-10-29,Capsicum,20,70,Yes,No,Sunny,1,2,0,Sunny,10,Transition
2025-10-29,Cauliflower,26,43,Yes,No,Sunny,1,2,0,Sunny,10,Transition
2025-10-29,GreenChilli,19,87,Yes,No,Sunny,1,2,0,Sunny,10,Transition
2025-10-29,LadyFinger,36,44,Yes,No,Sunny,1,2,0,Sunny,10,Transition
2025-10-29,Onion,44,42,Yes,No,Sunny,1,2,0,Sunny,10,Transition
2025-10-29,Potato,48,35,Yes,No,Sunny,1,2,0,Sunny,10,Transition
2025-10-29,Spinach,33,21,Yes,No,Sunny,1,2,0,Sunny,10,Transition
2025-10-29,Tomato,41,59,Yes,No,Sunny,1,2,0,Sunny,10,Transition
2025-10-30,Brinjal,18,38,No,No,Cloudy,0,3,0,Cloudy,10,Transition
2025-10-30,Cabbage,16,28,No,No,Cloudy,0,3,0,Cloudy,10,Transition
2025-10-30,Capsicum,12,55,No,No,Cloudy,0,3,0,Cloudy,10,Transition
2025-10-30,Cauliflower,11,35,No,No,Cloudy,0,3,0,Cloudy,10,Transition
2025-10-30,GreenChilli,9,72,No,No,Cloudy,0,3,0,Cloudy,10,Transition
2025-10-30,LadyFinger,17,34,No,No,Cloudy,0,3,0,Cloudy,10,Transition
2025-10-30,Onion,24,34,No,No,Cloudy,0,3,0,Cloudy,10,Transition
2025-10-30,Potato,24,29,No,No,,0,3,0,Sunny,10,Transition
2025-10-30,Tomato,23,44,No,No,Cloudy,0,3,0,Cloudy,10,Transition
2025-10-31,Brinjal,7,40,No,No,Rain,0,4,0,Rain,10,Transition
2025-10-31,Cabbage,9,28,No,No,Rain,0,4,0,Rain,10,Transition
2025-10-31,Capsicum,0,55,No,No,Rain,0,4,0,Rain,10,Transition
2025-10-31,Cauliflower,0,32,No,No,Rain,0,4,0,Rain,10,Transition
2025-10-31,GreenChilli,2,68,No,No,,0,4,0,Sunny,10,Transition
2025-10-31,Onion,8,33,No,No,Rain,0,4,0,Rain,10,Transition
2025-10-31,Potato,9,28,Maybe,No,Rain,0,4,0,Rain,10,Transition
2025-10-31,Spinach,2,16,No,No,Rain,0,4,0,Rain,10,Transition
2025-10-31,Tomato,0,47,No,No,Rain,0,4,0,Rain,10,Transition
2025-11-01,Brinjal,26,40,No,Yes,Sunny,0,5,1,Sunny,11,Winter
2025-11-01,Cabbage,15,29,No,Yes,Sunny,0,5,1,Sunny,11,Winter
2025-11-01,Capsicum,14,59,No,Yes,Sunny,0,5,1,Sunny,11,Winter
2025-11-01,Cauliflower,35,25,No,Yes,Sunny,0,5,1,Sunny,11,Winter
2025-11-01,GreenChilli,10,66,No,Yes,Sunny,0,5,1,Sunny,11,Winter
2025-11-01,LadyFinger,24,36,No,Yes,Sunny,0,5,1,Sunny,11,Winter
2025-11-01,Onion,58,33,No,Yes,Sunny,0,5,1,Sunny,11,Winter
2025-11-01,Potato,72,20,No,Yes,Sunny,0,5,1,Sunny,11,Winter
2025-11-01,Spinach,48,12,No,Yes,,0,5,1,Sunny,11,Winter
2025-11-01,Tomato,25,45,No,Yes,Sunny,0,5,1,Sunny,11,Winter
2025-11-02,Brinjal,19,41,No,Yes,Sunny,0,6,1,Sunny,11,Winter
2025-11-02,Cabbage,13,28,No,Yes,Sunny,0,6,1,Sunny,11,Winter
2025-11-02,Capsicum,17,57,No,Yes,Sunny,0,6,1,Sunny,11,Winter
2025-11-02,Cauliflower,34,23,No,Yes,Sunny,0,6,1,Sunny,11,Winter
2025-11-02,GreenChilli,8,72,No,Yes,Sunny,0,6,1,Sunny,11,Winter
2025-11-02,LadyFinger,18,33,No,Yes,Sunny,0,6,1,Sunny,11,Winter
2025-11-02,Onion,62,23,No,Yes,Sunny,0,6,1,Sunny,11,Winter
2025-11-02,Spinach,44,11,No,Yes,Sunny,0,6,1,Sunny,11,Winter
2025-11-02,Tomato,28,44,No,Yes,Sunny,0,6,1,Sunny,11,Winter
2025-11-03,Brinjal,26,48,Yes,No,Rain,1,0,0,Rain,11,Winter
2025-11-03,Cabbage,27,35,Yes,No,Rain,1,0,0,Rain,11,Winter
2025-11-03,Capsicum,19,70,Yes,No,Rain,1,0,0,Rain,11,Winter
2025-11-03,Cauliflower,35,29,Yes,No,Rain,1,0,0,Rain,11,Winter
2025-11-03,GreenChilli,4,85,Yes,No,Rain,1,0,0,Rain,11,Winter
2025-11-03,LadyFinger,25,43,Yes,No,Rain,1,0,0,Rain,11,Winter
2025-11-03,Onion,65,30,Maybe,No,Rain,0,0,0,Rain,11,Winter
2025-11-03,Potato,69,25,Yes,No,Rain,1,0,0,Rain,11,Winter
2025-11-03,Spinach,43,14,Yes,No,Rain,1,0,0,Rain,11,Winter
2025-11-03,Tomato,33,56,Yes,No,Rain,1,0,0,Rain,11,Winter
2025-11-04,Brinjal,16,39,No,No,Sunny,0,1,0,Sunny,11,Winter
2025-11-04,Cabbage,16,29,No,No,Sunny,0,1,0,Sunny,11,Winter
2025-11-04,Capsicum,17,58,No,No,,0,1,0,Sunny,11,Winter
2025-11-04,Cauliflower,32,24,No,No,Sunny,0,1,0,Sunny,11,Winter
2025-11-04,GreenChilli,13,66,No,No,Sunny,0,1,0,Sunny,11,Winter
2025-11-04,LadyFinger,19,33,No,No,Sunny,0,1,0,Sunny,11,Winter
2025-11-04,Onion,50,24,No,No,Sunny,0,1,0,Sunny,11,Winter
2025-11-04,Potato,63,19,No,No,Sunny,0,1,0,Sunny,11,Winter
2025-11-04,Spinach,41,12,No,No,Sunny,0,1,0,Sunny,11,Winter
2025-11-04,Tomato,23,45,No,No,Sunny,0,1,0,Sunny,11,Winter
2025-11-05,Brinjal,13,40,No,No,Cloudy,0,2,0,Cloudy,11,Winter
2025-11-05,Cabbage,18,28,No,No,,0,2,0,Sunny,11,Winter
2025-11-05,Capsicum,11,60,No,No,Cloudy,0,2,0,Cloudy,11,Winter
2025-11-05,Cauliflower,26,23,No,No,Cloudy,0,2,0,Cloudy,11,Winter
2025-11-05,GreenChilli,16,71,No,No,Cloudy,0,2,0,Cloudy,11,Winter
2025-11-05,LadyFinger,19,35,No,No,Cloudy,0,2,0,Cloudy,11,Winter
2025-11-05,Onion,53,24,No,No,Cloudy,0,2,0,Cloudy,11,Winter
2025-11-05,Potato,59,20,No,No,Cloudy,0,2,0,Cloudy,11,Winter
2025-11-05,Spinach,43,12,No,No,Cloudy,0,2,0,Cloudy,11,Winter
2025-11-05,Tomato,20,44,No,No,Cloudy,0,2,0,Cloudy,11,Winter
2025-11-06,Brinjal,31,40,No,No,Sunny,0,3,0,Sunny,11,Winter
2025-11-06,Cabbage,10,28,No,No,Sunny,0,3,0,Sunny,11,Winter
2025-11-06,Capsicum,12,56,No,No,Sunny,0,3,0,Sunny,11,Winter
2025-11-06,Cauliflower,25,23,No,No,Sunny,0,3,0,Sunny,11,Winter
2025-11-06,GreenChilli,9,66,No,No,Sunny,0,3,0,Sunny,11,Winter
2025-11-06,LadyFinger,18,34,No,No,Sunny,0,3,0,Sunny,11,Winter
2025-11-06,Onion,50,24,No,No,Sunny,0,3,0,Sunny,11,Winter
2025-11-06,Potato,62,20,No,No,Sunny,0,3,0,Sunny,11,Winter
2025-11-06,Spinach,46,12,No,No,Sunny,0,3,0,Sunny,11,Winter
2025-11-06,Tomato,21,46,No,No,Sunny,0,3,0,Sunny,11,Winter
2025-11-07,Brinjal,17,41,No,No,Sunny,0,4,0,Sunny,11,Winter
2025-11-07,Cabbage,19,27,No,No,Sunny,0,4,0,Sunny,11,Winter
2025-11-07,Capsicum,13,58,No,No,Sunny,0,4,0,Sunny,11,Winter
2025-11-07,Cauliflower,16,24,No,No,Sunny,0,4,0,Sunny,11,Winter
2025-11-07,GreenChilli,12,69,No,No,Sunny,0,4,0,Sunny,11,Winter
2025-11-07,LadyFinger,18,35,No,No,Sunny,0,4,0,Sunny,11,Winter
2025-11-07,Onion,52,33,No,No,Sunny,0,4,0,Sunny,11,Winter
2025-11-07,Potato,63,20,No,No,Sunny,0,4,0,Sunny,11,Winter
2025-11-07,Spinach,44,12,No,No,Sunny,0,4,0,Sunny,11,Winter
2025-11-07,Tomato,23,44,No,No,Sunny,0,4,0,Sunny,11,Winter
2025-11-08,Brinjal,6,42,No,Yes,Rain,0,5,1,Rain,11,Winter
2025-11-08,Cabbage,10,28,No,Yes,Rain,0,5,1,Rain,11,Winter
2025-11-08,Capsicum,5,57,No,Yes,Rain,0,5,1,Rain,11,Winter
2025-11-08,Cauliflower,16,24,No,Yes,Rain,0,5,1,Rain,11,Winter
2025-11-08,LadyFinger,6,34,No,Yes,,0,5,1,Sunny,11,Winter
2025-11-08,Onion,23,23,No,Yes,,0,5,1,Sunny,11,Winter
2025-11-08,Potato,21,28,Maybe,Yes,Rain,0,5,1,Rain,11,Winter
2025-11-08,Spinach,18,11,No,Yes,Rain,0,5,1,Rain,11,Winter
2025-11-08,Tomato,9,43,No,Yes,Rain,0,5,1,Rain,11,Winter
2025-11-09,Brinjal,8,38,No,Yes,Rain,0,6,1,Rain,11,Winter
2025-11-09,Cabbage,4,28,No,Yes,Rain,0,6,1,Rain,11,Winter
2025-11-09,Capsicum,3,56,No,Yes,Rain,0,6,1,Rain,11,Winter
2025-11-09,Cauliflower,9,24,No,Yes,Rain,0,6,1,Rain,11,Winter
2025-11-09,GreenChilli,3,68,No,Yes,Rain,0,6,1,Rain,11,Winter
2025-11-09,LadyFinger,5,35,No,Yes,Rain,0,6,1,Rain,11,Winter
2025-11-09,Onion,19,23,No,Yes,Rain,0,6,1,Rain,11,Winter
2025-11-09,Spinach,17,11,No,Yes,,0,6,1,Sunny,11,Winter
2025-11-09,Tomato,7,46,No,Yes,Rain,0,6,1,Rain,11,Winter
2025-11-10,Brinjal,15,40,No,No,Sunny,0,0,0,Sunny,11,Winter
2025-11-10,Cabbage,18,27,No,No,Sunny,0,0,0,Sunny,11,Winter
2025-11-10,Capsicum,14,60,No,No,Sunny,0,0,0,Sunny,11,Winter
2025-11-10,Cauliflower,33,24,No,No,Sunny,0,0,0,Sunny,11,Winter
2025-11-10,GreenChilli,14,69,No,No,Sunny,0,0,0,Sunny,11,Winter
2025-11-10,LadyFinger,24,35,No,No,Sunny,0,0,0,Sunny,11,Winter
2025-11-10,Onion,54,25,No,No,Sunny,0,0,0,Sunny,11,Winter
2025-11-10,Potato,65,20,No,No,Sunny,0,0,0,Sunny,11,Winter
2025-11-10,Spinach,43,12,No,No,Sunny,0,0,0,Sunny,11,Winter
2025-11-10,Tomato,25,44,No,No,Sunny,0,0,0,Sunny,11,Winter
2025-11-11,Brinjal,13,42,No,No,Cloudy,0,1,0,Cloudy,11,Winter
2025-11-11,Cabbage,14,27,No,No,Cloudy,0,1,0,Cloudy,11,Winter
2025-11-11,Capsicum,24,58,No,No,Cloudy,0,1,0,Cloudy,11,Winter
2025-11-11,Cauliflower,29,24,No,No,Cloudy,0,1,0,Cloudy,11,Winter
2025-11-11,GreenChilli,10,70,No,No,Cloudy,0,1,0,Cloudy,11,Winter
2025-11-11,LadyFinger,20,35,No,No,Cloudy,0,1,0,Cloudy,11,Winter
2025-11-11,Onion,52,24,No,No,Cloudy,0,1,0,Cloudy,11,Winter
2025-11-11,Potato,64,19,No,No,Cloudy,0,1,0,Cloudy,11,Winter
2025-11-11,Spinach,22,12,No,No,Cloudy,0,1,0,Cloudy,11,Winter
2025-11-11,Tomato,18,45,No,No,Cloudy,0,1,0,Cloudy,11,Winter
2025-11-12,Brinjal,17,39,No,No,Sunny,0,2,0,Sunny,11,Winter
2025-11-12,Cabbage,10,28,No,No,Sunny,0,2,0,Sunny,11,Winter
2025-11-12,Capsicum,16,55,No,No,Sunny,0,2,0,Sunny,11,Winter
2025-11-12,Cauliflower,36,24,No,No,Sunny,0,2,0,Sunny,11,Winter
2025-11-12,LadyFinger,19,33,No,No,Sunny,0,2,0,Sunny,11,Winter
2025-11-12,Onion,55,24,Maybe,No,Sunny,0,2,0,Sunny,11,Winter
2025-11-12,Potato,59,20,No,No,Storm,0,2,0,Sunny,11,Winter
2025-11-12,Spinach,43,11,No,No,Sunny,0,2,0,Sunny,11,Winter
2025-11-13,Brinjal,34,48,Yes,No,Sunny,1,3,0,Sunny,11,Winter
2025-11-13,Cabbage,29,37,Yes,No,Sunny,1,3,0,Sunny,11,Winter
2025-11-13,Capsicum,23,72,Yes,No,,1,3,0,Sunny,11,Winter
2025-11-13,Cauliflower,39,29,Yes,No,Sunny,1,3,0,Sunny,11,Winter
2025-11-13,GreenChilli,16,87,Yes,No,Sunny,1,3,0,Sunny,11,Winter
2025-11-13,LadyFinger,31,44,Yes,No,Sunny,1,3,0,Sunny,11,Winter
2025-11-13,Onion,77,29,Yes,No,Sunny,1,3,0,Sunny,11,Winter
2025-11-13,Potato,79,24,Yes,No,Sunny,1,3,0,Sunny,11,Winter
2025-11-13,Spinach,52,14,Yes,No,Sunny,1,3,0,Sunny,11,Winter
2025-11-13,Tomato,39,58,Yes,No,Storm,1,3,0,Sunny,11,Winter
2025-11-14,Brinjal,16,41,No,No,Cloudy,0,4,0,Cloudy,11,Winter
2025-11-14,Cabbage,19,28,No,No,Cloudy,0,4,0,Cloudy,11,Winter
2025-11-14,Capsicum,13,56,No,No,Cloudy,0,4,0,Cloudy,11,Winter
2025-11-14,Cauliflower,29,25,No,No,Cloudy,0,4,0,Cloudy,11,Winter
2025-11-14,GreenChilli,13,69,No,No,Cloudy,0,4,0,Cloudy,11,Winter
2025-11-14,LadyFinger,20,34,No,No,Cloudy,0,4,0,Cloudy,11,Winter
2025-11-14,Onion,51,24,No,No,Cloudy,0,4,0,Cloudy,11,Winter
2025-11-14,Potato,62,20,No,No,Cloudy,0,4,0,Cloudy,11,Winter
2025-11-14,Spinach,43,11,No,No,Cloudy,0,4,0,Cloudy,11,Winter
2025-11-14,Tomato,20,44,No,No,Cloudy,0,4,0,Cloudy,11,Winter
2025-11-15,Brinjal,19,41,No,Yes,Sunny,0,5,1,Sunny,11,Winter
2025-11-15,Cabbage,17,28,No,Yes,Sunny,0,5,1,Sunny,11,Winter
2025-11-15,Capsicum,13,56,No,Yes,,0,5,1,Sunny,11,Winter
2025-11-15,Cauliflower,36,25,No,Yes,Sunny,0,5,1,Sunny,11,Winter
2025-11-15,GreenChilli,15,70,No,Yes,Sunny,0,5,1,Sunny,11,Winter
2025-11-15,LadyFinger,25,36,No,Yes,Sunny,0,5,1,Sunny,11,Winter
2025-11-15,Potato,70,20,No,Yes,Sunny,0,5,1,Sunny,11,Winter
2025-11-15,Spinach,45,12,No,Yes,,0,5,1,Sunny,11,Winter
2025-11-15,Tomato,30,46,No,Yes,Sunny,0,5,1,Sunny,11,Winter
2025-11-16,Brinjal,16,40,No,Yes,Cloudy,0,6,1,Cloudy,11,Winter
2025-11-16,Cabbage,16,28,No,Yes,Cloudy,0,6,1,Cloudy,11,Winter
2025-11-16,Capsicum,11,56,No,Yes,Cloudy,0,6,1,Cloudy,11,Winter
2025-11-16,Cauliflower,34,24,No,Yes,Cloudy,0,6,1,Cloudy,11,Winter
2025-11-16,GreenChilli,13,66,No,Yes,Cloudy,0,6,1,Cloudy,11,Winter
2025-11-16,LadyFinger,38,34,No,Yes,Cloudy,0,6,1,Cloudy,11,Winter
2025-11-16,Onion,57,24,No,Yes,Cloudy,0,6,1,Cloudy,11,Winter
2025-11-16,Potato,62,20,No,Yes,Cloudy,0,6,1,Cloudy,11,Winter
2025-11-16,Spinach,50,12,No,Yes,Cloudy,0,6,1,Cloudy,11,Winter
2025-11-16,Tomato,26,47,No,Yes,Cloudy,0,6,1,Cloudy,11,Winter
2025-11-17,Brinjal,34,51,Yes,No,Sunny,1,0,0,Sunny,11,Winter
2025-11-17,Cabbage,30,37,Yes,No,Sunny,1,0,0,Sunny,11,Winter
2025-11-17,Capsicum,19,70,Yes,No,Sunny,1,0,0,Sunny,11,Winter
2025-11-17,Cauliflower,43,29,Yes,No,Sunny,1,0,0,Sunny,11,Winter
2025-11-17,GreenChilli,21,86,Yes,No,Sunny,1,0,0,Sunny,11,Winter
2025-11-17,LadyFinger,31,43,Yes,No,Sunny,1,0,0,Sunny,11,Winter
2025-11-17,Onion,73,29,Yes,No,Sunny,1,0,0,Sunny,11,Winter
2025-11-17,Potato,80,25,Yes,No,Sunny,1,0,0,Sunny,11,Winter
2025-11-17,Spinach,52,14,Yes,No,Sunny,1,0,0,Sunny,11,Winter
2025-11-17,Tomato,38,58,Yes,No,Sunny,1,0,0,Sunny,11,Winter
2025-11-18,Brinjal,12,40,No,No,Sunny,0,1,0,Sunny,11,Winter
2025-11-18,Cabbage,18,28,No,No,Sunny,0,1,0,Sunny,11,Winter
2025-11-18,Capsicum,22,54,No,No,Sunny,0,1,0,Sunny,11,Winter
2025-11-18,Cauliflower,30,24,No,No,Sunny,0,1,0,Sunny,11,Winter
2025-11-18,GreenChilli,12,65,No,No,Sunny,0,1,0,Sunny,11,Winter
2025-11-18,LadyFinger,16,34,No,No,Sunny,0,1,0,Sunny,11,Winter
2025-11-18,Onion,51,24,No,No,Sunny,0,1,0,Sunny,11,Winter
2025-11-18,Potato,67,20,No,No,Sunny,0,1,0,Sunny,11,Winter
2025-11-18,Spinach,42,12,No,No,Sunny,0,1,0,Sunny,11,Winter
2025-11-18,Tomato,25,47,No,No,Sunny,0,1,0,Sunny,11,Winter
2025-11-19,Brinjal,20,40,No,No,Cloudy,0,2,0,Cloudy,11,Winter
2025-11-19,Cabbage,2,28,No,No,Cloudy,0,2,0,Cloudy,11,Winter
2025-11-19,Capsicum,14,57,No,No,Cloudy,0,2,0,Cloudy,11,Winter
2025-11-19,Cauliflower,29,23,No,No,Cloudy,0,2,0,Cloudy,11,Winter
2025-11-19,GreenChilli,12,69,No,No,Cloudy,0,2,0,Cloudy,11,Winter
2025-11-19,LadyFinger,19,34,No,No,Cloudy,0,2,0,Cloudy,11,Winter
2025-11-19,Onion,54,23,No,No,Cloudy,0,2,0,Cloudy,11,Winter
2025-11-19,Potato,60,20,No,No,Cloudy,0,2,0,Cloudy,11,Winter
2025-11-19,Spinach,37,12,No,No,Cloudy,0,2,0,Cloudy,11,Winter
2025-11-19,Tomato,24,45,No,No,Cloudy,0,2,0,Cloudy,11,Winter
2025-11-20,Brinjal,17,39,No,No,,0,3,0,Sunny,11,Winter
2025-11-20,Cabbage,15,29,No,No,Sunny,0,3,0,Sunny,11,Winter
2025-11-20,Capsicum,13,58,No,No,Sunny,0,3,0,Sunny,11,Winter
2025-11-20,Cauliflower,28,23,No,No,Sunny,0,3,0,Sunny,11,Winter
2025-11-20,GreenChilli,9,67,No,No,Sunny,0,3,0,Sunny,11,Winter
2025-11-20,LadyFinger,15,36,No,No,Sunny,0,3,0,Sunny,11,Winter
2025-11-20,Onion,54,23,No,No,Sunny,0,3,0,Sunny,11,Winter
2025-11-20,Potato,57,28,No,No,Sunny,0,3,0,Sunny,11,Winter
2025-11-20,Spinach,37,12,No,No,Sunny,0,3,0,Sunny,11,Winter
2025-11-20,Tomato,22,44,No,No,Sunny,0,3,0,Sunny,11,Winter
2025-11-21,Brinjal,17,40,No,No,Sunny,0,4,0,Sunny,11,Winter
2025-11-21,Cabbage,18,29,No,No,Sunny,0,4,0,Sunny,11,Winter
2025-11-21,Capsicum,11,58,No,No,Sunny,0,4,0,Sunny,11,Winter
2025-11-21,Cauliflower,36,23,No,No,Sunny,0,4,0,Sunny,11,Winter
2025-11-21,GreenChilli,11,68,No,No,Sunny,0,4,0,Sunny,11,Winter
2025-11-21,LadyFinger,19,35,No,No,Sunny,0,4,0,Sunny,11,Winter
2025-11-21,Onion,56,23,No,No,Sunny,0,4,0,Sunny,11,Winter
2025-11-21,Potato,62,19,No,No,Sunny,0,4,0,Sunny,11,Winter
2025-11-21,Spinach,5,12,No,No,Sunny,0,4,0,Sunny,11,Winter
2025-11-21,Tomato,23,47,No,No,Sunny,0,4,0,Sunny,11,Winter
2025-11-22,Brinjal,19,39,No,Yes,Cloudy,0,5,1,Cloudy,11,Winter
2025-11-22,Cabbage,22,27,No,Yes,Cloudy,0,5,1,Cloudy,11,Winter
2025-11-22,Capsicum,15,58,No,Yes,Cloudy,0,5,1,Cloudy,11,Winter
2025-11-22,Cauliflower,33,24,No,Yes,Cloudy,0,5,1,Cloudy,11,Winter
2025-11-22,GreenChilli,11,70,No,Yes,Cloudy,0,5,1,Cloudy,11,Winter
2025-11-22,LadyFinger,19,35,No,Yes,Cloudy,0,5,1,Cloudy,11,Winter
2025-11-22,Onion,56,23,No,Yes,Cloudy,0,5,1,Cloudy,11,Winter
2025-11-22,Potato,63,19,No,Yes,Cloudy,0,5,1,Cloudy,11,Winter
2025-11-22,Spinach,46,12,No,Yes,Cloudy,0,5,1,Cloudy,11,Winter
2025-11-22,Tomato,23,47,No,Yes,Cloudy,0,5,1,Cloudy,11,Winter
2025-11-23,Brinjal,19,41,No,Yes,Sunny,0,6,1,Sunny,11,Winter
2025-11-23,Cabbage,16,29,No,Yes,Sunny,0,6,1,Sunny,11,Winter
2025-11-23,Capsicum,8,58,No,Yes,Sunny,0,6,1,Sunny,11,Winter
2025-11-23,Cauliflower,39,24,No,Yes,Sunny,0,6,1,Sunny,11,Winter
2025-11-23,GreenChilli,17,66,No,Yes,Sunny,0,6,1,Sunny,11,Winter
2025-11-23,LadyFinger,18,33,No,Yes,Sunny,0,6,1,Sunny,11,Winter
2025-11-23,Onion,26,23,No,Yes,Sunny,0,6,1,Sunny,11,Winter
2025-11-23,Potato,135,19,No,Yes,Sunny,0,6,1,Sunny,11,Winter
2025-11-23,Spinach,45,11,No,Yes,Sunny,0,6,1,Sunny,11,Winter
2025-11-23,Tomato,27,45,No,Yes,Sunny,0,6,1,Sunny,11,Winter
2025-11-24,Brinjal,19,38,No,No,Sunny,0,0,0,Sunny,11,Winter
2025-11-24,Cabbage,15,28,No,No,Sunny,0,0,0,Sunny,11,Winter
2025-11-24,Capsicum,26,56,No,No,Sunny,0,0,0,Sunny,11,Winter
2025-11-24,Cauliflower,28,24,No,No,Sunny,0,0,0,Sunny,11,Winter
2025-11-24,GreenChilli,11,68,No,No,Sunny,0,0,0,Sunny,11,Winter
2025-11-24,LadyFinger,23,34,No,No,Sunny,0,0,0,Sunny,11,Winter
2025-11-24,Onion,56,25,No,No,Sunny,0,0,0,Sunny,11,Winter
2025-11-24,Potato,62,20,No,No,Sunny,0,0,0,Sunny,11,Winter
2025-11-24,Spinach,41,11,No,No,Sunny,0,0,0,Sunny,11,Winter
2025-11-24,Tomato,14,46,No,No,Storm,0,0,0,Sunny,11,Winter
2025-11-25,Brinjal,12,40,No,No,Sunny,0,1,0,Sunny,11,Winter
2025-11-25,Cabbage,17,27,No,No,Sunny,0,1,0,Sunny,11,Winter
2025-11-25,Capsicum,19,56,No,No,Sunny,0,1,0,Sunny,11,Winter
2025-11-25,Cauliflower,31,24,No,No,Sunny,0,1,0,Sunny,11,Winter
2025-11-25,GreenChilli,11,70,No,No,Sunny,0,1,0,Sunny,11,Winter
2025-11-25,LadyFinger,24,33,No,No,Sunny,0,1,0,Sunny,11,Winter
2025-11-25,Onion,55,25,No,No,Sunny,0,1,0,Sunny,11,Winter
2025-11-25,Potato,58,19,No,No,Sunny,0,1,0,Sunny,11,Winter
2025-11-25,Spinach,42,12,No,No,Sunny,0,1,0,Sunny,11,Winter
2025-11-25,Tomato,20,44,No,No,Sunny,0,1,0,Sunny,11,Winter
2025-11-26,Brinjal,13,39,No,No,Cloudy,0,2,0,Cloudy,11,Winter
2025-11-26,Cabbage,14,28,No,No,Cloudy,0,2,0,Cloudy,11,Winter
2025-11-26,Capsicum,12,58,No,No,Cloudy,0,2,0,Cloudy,11,Winter
2025-11-26,Cauliflower,36,25,No,No,Cloudy,0,2,0,Cloudy,11,Winter
2025-11-26,GreenChilli,7,67,No,No,Cloudy,0,2,0,Cloudy,11,Winter
2025-11-26,LadyFinger,19,34,No,No,Cloudy,0,2,0,Cloudy,11,Winter
2025-11-26,Onion,51,25,No,No,Cloudy,0,2,0,Cloudy,11,Winter
2025-11-26,Potato,59,19,No,No,Cloudy,0,2,0,Cloudy,11,Winter
2025-11-26,Spinach,39,11,No,No,Cloudy,0,2,0,Cloudy,11,Winter
2025-11-26,Tomato,25,47,No,No,Cloudy,0,2,0,Cloudy,11,Winter
2025-11-27,Brinjal,32,51,Yes,No,Cloudy,1,3,0,Cloudy,11,Winter
2025-11-27,Cabbage,20,36,Yes,No,,1,3,0,Sunny,11,Winter
2025-11-27,Cauliflower,40,30,Yes,No,Cloudy,1,3,0,Cloudy,11,Winter
2025-11-27,GreenChilli,19,88,Yes,No,Cloudy,1,3,0,Cloudy,11,Winter
2025-11-27,LadyFinger,29,42,Yes,No,Cloudy,1,3,0,Cloudy,11,Winter
2025-11-27,Onion,67,29,Yes,No,Cloudy,1,3,0,Cloudy,11,Winter
2025-11-27,Potato,80,24,Yes,No,Cloudy,1,3,0,Cloudy,11,Winter
2025-11-27,Spinach,59,14,Yes,No,,1,3,0,Sunny,11,Winter
2025-11-27,Tomato,33,57,Yes,No,Cloudy,1,3,0,Cloudy,11,Winter
2025-11-28,Brinjal,14,39,No,No,Sunny,0,4,0,Sunny,11,Winter
2025-11-28,Cabbage,14,29,No,No,Sunny,0,4,0,Sunny,11,Winter
2025-11-28,Capsicum,14,59,No,No,Sunny,0,4,0,Sunny,11,Winter
2025-11-28,Cauliflower,39,22,No,No,Sunny,0,4,0,Sunny,11,Winter
2025-11-28,GreenChilli,8,67,No,No,Sunny,0,4,0,Sunny,11,Winter
2025-11-28,LadyFinger,20,35,No,No,Sunny,0,4,0,Sunny,11,Winter
2025-11-28,Onion,55,24,No,No,Sunny,0,4,0,Sunny,11,Winter
2025-11-28,Potato,66,20,No,No,Sunny,0,4,0,Sunny,11,Winter
2025-11-28,Spinach,48,11,No,No,Sunny,0,4,0,Sunny,11,Winter
2025-11-28,Tomato,24,46,No,No,Sunny,0,4,0,Sunny,11,Winter
2025-11-29,Brinjal,10,39,No,Yes,Sunny,0,5,1,Sunny,11,Winter
2025-11-29,Cabbage,13,29,No,Yes,Sunny,0,5,1,Sunny,11,Winter
2025-11-29,Capsicum,11,55,No,Yes,Sunny,0,5,1,Sunny,11,Winter
2025-11-29,Cauliflower,31,24,No,Yes,Sunny,0,5,1,Sunny,11,Winter
2025-11-29,GreenChilli,14,68,No,Yes,Sunny,0,5,1,Sunny,11,Winter
2025-11-29,LadyFinger,20,33,No,Yes,Sunny,0,5,1,Sunny,11,Winter
2025-11-29,Onion,9,24,No,Yes,Sunny,0,5,1,Sunny,11,Winter
2025-11-29,Potato,64,19,No,Yes,Sunny,0,5,1,Sunny,11,Winter
2025-11-29,Spinach,45,11,No,Yes,Sunny,0,5,1,Sunny,11,Winter
2025-11-29,Tomato,23,45,No,Yes,Sunny,0,5,1,Sunny,11,Winter
2025-11-30,Brinjal,16,40,No,Yes,Sunny,0,6,1,Sunny,11,Winter
2025-11-30,Cabbage,17,28,No,Yes,Sunny,0,6,1,Sunny,11,Winter
2025-11-30,Capsicum,15,57,No,Yes,Sunny,0,6,1,Sunny,11,Winter
2025-11-30,Cauliflower,34,22,No,Yes,Sunny,0,6,1,Sunny,11,Winter
2025-11-30,GreenChilli,10,71,No,Yes,Sunny,0,6,1,Sunny,11,Winter
2025-11-30,LadyFinger,22,35,No,Yes,Sunny,0,6,1,Sunny,11,Winter
2025-11-30,Onion,61,24,No,Yes,Sunny,0,6,1,Sunny,11,Winter
2025-11-30,Potato,70,19,No,Yes,Sunny,0,6,1,Sunny,11,Winter
2025-11-30,Spinach,47,11,No,Yes,Sunny,0,6,1,Sunny,11,Winter
2025-11-30,Tomato,28,46,No,Yes,Sunny,0,6,1,Sunny,11,Winter
